"","actual","prediction"
"6501",0.4321,0.497014699228055
"6502",0.5926,0.497014699649862
"6503",0.5185,0.497014699536909
"6504",0.4877,0.497014699536909
"6505",0.4074,0.497014699536909
"6506",0.4383,0.497014699536909
"6507",0.4383,0.497014699536909
"6508",0.5062,0.497014699536929
"6509",0.5062,0.497014699536909
"6510",0.5062,0.497014699536909
"6511",0.5185,0.497541963087987
"6512",0.4074,0.497014699536909
"6513",0.4877,0.497014699536909
"6514",0.4506,0.497014699536909
"6515",0.4506,0.497014699536909
"6516",0.4506,0.497014699536909
"6517",0.5432,0.497014699536909
"6518",0.4753,0.497014699536909
"6519",0.5432,0.497014699536909
"6520",0.4753,0.497014699536909
"6521",0.5432,0.497014699536909
"6522",0.4753,0.464140746857161
"6523",0.5432,0.538190515698691
"6524",0.4753,0.489990854603858
"6525",0.5432,0.51373345053807
"6526",0.5926,0.497014699536909
"6527",0.537,0.497014699536909
"6528",0.537,0.497014699536909
"6529",0.537,0.497014699536909
"6530",0.537,0.497014699536909
"6531",0.537,0.497014699536909
"6532",0.5432,0.497542646077612
"6533",0.6049,0.497014699536909
"6534",0.4383,0.497014699536909
"6535",0.4383,0.497014699536909
"6536",0.3951,0.497014699536909
"6537",0.4506,0.497014699536909
"6538",0.4877,0.497014699536909
"6539",0.4506,0.497014699536909
"6540",0.4877,0.497014699536909
"6541",0.4506,0.497014699536909
"6542",0.4877,0.497014699536909
"6543",0.4506,0.497014699536909
"6544",0.4877,0.497014699536909
"6545",0.4506,0.497014699536909
"6546",0.4877,0.497014699536909
"6547",0.4506,0.455227388392519
"6548",0.4877,0.498722005539503
"6549",0.4506,0.497014699536909
"6550",0.4877,0.497014699536909
"6551",0.4136,0.497014699536909
"6552",0.4691,0.497014699536909
"6553",0.5556,0.497014699536909
"6554",0.4753,0.497014699536909
"6555",0.5247,0.497014699536909
"6556",0.4753,0.497014699536909
"6557",0.4753,0.497014699536909
"6558",0.5926,0.497014699536909
"6559",0.4383,0.497014699536909
"6560",0.5247,0.497014699536909
"6561",0.5062,0.497014699536909
"6562",0.4383,0.497014699536909
"6563",0.4383,0.497014699536909
"6564",0.4506,0.497019577357215
"6565",0.4506,0.497014699536909
"6566",0.4506,0.507629110677216
"6567",0.4383,0.497014696078978
"6568",0.5926,0.497014699536909
"6569",0.5494,0.49832049397919
"6570",0.4074,0.497014699536909
"6571",0.4877,0.497014699536909
"6572",0.4074,0.497014699536909
"6573",0.4383,0.529761229470996
"6574",0.4506,0.497014699536909
"6575",0.5432,0.497014699536909
"6576",0.4691,0.497014699536909
"6577",0.5062,0.497014699536909
"6578",0.4691,0.497014706753905
"6579",0.5062,0.497014699487867
"6580",0.4691,0.497014699536909
"6581",0.4691,0.497014699536909
"6582",0.4506,0.497014699536909
"6583",0.4321,0.497014699536909
"6584",0.4383,0.497014699536909
"6585",0.4877,0.523096766281409
"6586",0.537,0.552690423063435
"6587",0.6049,0.497001437933155
"6588",0.537,0.497014699536909
"6589",0.6049,0.497014699536909
"6590",0.537,0.497014700347409
"6591",0.6049,0.497014697585589
"6592",0.4753,0.497040710162984
"6593",0.5123,0.497014699536909
"6594",0.5494,0.497014699536909
"6595",0.5432,0.497014699536909
"6596",0.4506,0.497014699536909
"6597",0.6049,0.517882402699141
"6598",0.5432,0.497014703265177
"6599",0.4321,0.497014699536909
"6600",0.5802,0.57675328017059
"6601",0.5802,0.497014699536909
"6602",0.5802,0.49240042953303
"6603",0.5494,0.497014699536909
"6604",0.4383,0.497014699536909
"6605",0.4074,0.497014699517034
"6606",0.5556,0.497005491606966
"6607",0.5556,0.501640287442319
"6608",0.4506,0.497014699536909
"6609",0.5185,0.527623160992958
"6610",0.5247,0.497014699536909
"6611",0.5926,0.497014699536909
"6612",0.5247,0.497014699536909
"6613",0.5926,0.497014699536909
"6614",0.5247,0.490996962349818
"6615",0.5926,0.556295869115914
"6616",0.4753,0.497014699536909
"6617",0.5123,0.497014699536909
"6618",0.5556,0.497014699536909
"6619",0.5556,0.497014699536909
"6620",0.3951,0.497014699536909
"6621",0.5494,0.497014699536909
"6622",0.5432,0.497014699536909
"6623",0.6049,0.493301128756613
"6624",0.6049,0.497014699536909
"6625",0.5432,0.497014699536909
"6626",0.5432,0.497014699536909
"6627",0.5432,0.497014699536909
"6628",0.4753,0.497014707402732
"6629",0.3951,0.497014699536909
"6630",0.6049,0.497014699536909
"6631",0.3951,0.497014699536909
"6632",0.6049,0.497014699536909
"6633",0.4877,0.497014699536909
"6634",0.4877,0.497053152163042
"6635",0.4877,0.497014699536909
"6636",0.4877,0.497014699536909
"6637",0.4877,0.388494232813051
"6638",0.4753,0.49701470908277
"6639",0.4506,0.497542646077612
"6640",0.537,0.497014699536909
"6641",0.4753,0.497014699536909
"6642",0.4383,0.497014699536909
"6643",0.5185,0.497014699536909
"6644",0.4383,0.497014699536909
"6645",0.5185,0.497014699536909
"6646",0.4877,0.497014699536909
"6647",0.4506,0.497014699536909
"6648",0.5802,0.497014699536909
"6649",0.4506,0.497014699536909
"6650",0.5802,0.497014699536909
"6651",0.4877,0.497014699536909
"6652",0.6049,0.497466944825806
"6653",0.5556,0.497014699536909
"6654",0.5556,0.49097800523653
"6655",0.4383,0.497014699536909
"6656",0.4136,0.497014699536909
"6657",0.4383,0.497014699536909
"6658",0.4136,0.497014699536909
"6659",0.4383,0.493539482515828
"6660",0.4136,0.496547930115146
"6661",0.4383,0.497014699536909
"6662",0.4136,0.497014699536909
"6663",0.4383,0.500122414425413
"6664",0.4136,0.497057609859454
"6665",0.4383,0.493539482515828
"6666",0.4136,0.496547930115146
"6667",0.5247,0.497014699536909
"6668",0.5556,0.497014699536909
"6669",0.4506,0.497014699536909
"6670",0.4321,0.497014699536909
"6671",0.4321,0.497014699536909
"6672",0.4753,0.497014699536909
"6673",0.4753,0.497014699536909
"6674",0.5926,0.757922415803735
"6675",0.5926,0.434226521558626
"6676",0.5556,0.497014699536909
"6677",0.4383,0.497014699536909
"6678",0.4506,0.497014699536909
"6679",0.4321,0.497014699536909
"6680",0.4506,0.497014699536909
"6681",0.4383,0.497014699536909
"6682",0.5123,0.497014699536909
"6683",0.4506,0.49701464988766
"6684",0.4506,0.49701443646866
"6685",0.5926,0.497014706571843
"6686",0.4877,0.497014699536909
"6687",0.5185,0.497014699536909
"6688",0.5185,0.497014699536909
"6689",0.5432,0.497014699536909
"6690",0.4383,0.497014699536909
"6691",0.5432,0.497014699536909
"6692",0.4383,0.497014699536909
"6693",0.4074,0.497014699536909
"6694",0.3951,0.497014699548934
"6695",0.5556,0.497014699536909
"6696",0.4691,0.497014699536909
"6697",0.4321,0.497014699536909
"6698",0.4074,0.497014699536909
"6699",0.537,0.497014699536909
"6700",0.3951,0.497014699536909
"6701",0.5432,0.497014699536909
"6702",0.5494,0.497014699536909
"6703",0.5926,0.497014699536909
"6704",0.4136,0.497014699536909
"6705",0.5247,0.497014699536909
"6706",0.5247,0.497014699536909
"6707",0.5556,0.497014699536909
"6708",0.4136,0.497014699536909
"6709",0.4136,0.497014699536909
"6710",0.4691,0.497014699536557
"6711",0.4691,0.497014699536909
"6712",0.5494,0.497014699536909
"6713",0.5494,0.497014699536909
"6714",0.5494,0.497182590570875
"6715",0.4753,0.497014699536909
"6716",0.4321,0.497018535953991
"6717",0.5185,0.497014699536909
"6718",0.5062,0.497014699536909
"6719",0.4136,0.497014699536669
"6720",0.4321,0.497014699536909
"6721",0.4506,0.497014699536909
"6722",0.5926,0.497014699536915
"6723",0.5926,0.497014699536909
"6724",0.5926,0.497014699536909
"6725",0.4753,0.497014699536909
"6726",0.4506,0.497014699536909
"6727",0.5556,0.497014699536909
"6728",0.4321,0.497014699536909
"6729",0.4321,0.497014699536909
"6730",0.5432,0.497014699536909
"6731",0.5494,0.497014699535744
"6732",0.5494,0.497014699536909
"6733",0.5494,0.497014699536909
"6734",0.5556,0.497014699536909
"6735",0.3951,0.497014699536909
"6736",0.4753,0.497014699536909
"6737",0.4877,0.497014699536909
"6738",0.5494,0.497014699536909
"6739",0.5494,0.497014699536909
"6740",0.5494,0.500170096824505
"6741",0.5432,0.497014699536909
"6742",0.6049,0.497014699536909
"6743",0.4753,0.497014699536909
"6744",0.4877,0.497023543127562
"6745",0.4691,0.497014699536909
"6746",0.5432,0.497014699536909
"6747",0.4691,0.497014699536909
"6748",0.5432,0.49701486482214
"6749",0.4321,0.497014699536909
"6750",0.4321,0.497014699536909
"6751",0.5802,0.497014699536909
"6752",0.4321,0.497014699536909
"6753",0.5802,0.497014699536909
"6754",0.4321,0.497014699536909
"6755",0.4753,0.497014699536909
"6756",0.4321,0.497014699536909
"6757",0.4753,0.497014699536909
"6758",0.4136,0.497014699536909
"6759",0.5802,0.497048075183257
"6760",0.6049,0.497014699536909
"6761",0.4691,0.497014699536909
"6762",0.5556,0.497014699536909
"6763",0.4383,0.497014699536909
"6764",0.5556,0.497014699536909
"6765",0.4383,0.497014699536909
"6766",0.5556,0.497014699536909
"6767",0.4383,0.497014699536909
"6768",0.5556,0.497014699536909
"6769",0.4383,0.497014699536909
"6770",0.5432,0.497014699536909
"6771",0.5802,0.497014699536909
"6772",0.5432,0.497014699536909
"6773",0.5247,0.497014699536909
"6774",0.6049,0.497014699536909
"6775",0.5494,0.497014699536909
"6776",0.5926,0.497014699536909
"6777",0.5556,0.507152572179032
"6778",0.5556,0.521672487794648
"6779",0.5556,0.497014699536909
"6780",0.4074,0.497014699536909
"6781",0.4074,0.497014699536909
"6782",0.4074,0.497014699536909
"6783",0.4691,0.497014699536909
"6784",0.4074,0.497014699536909
"6785",0.4074,0.497014699536909
"6786",0.4074,0.497014699536909
"6787",0.4074,0.497014699536909
"6788",0.5432,0.497014699536909
"6789",0.5185,0.49701469953688
"6790",0.4506,0.497014699536909
"6791",0.4506,0.497014699536909
"6792",0.5432,0.580839569315223
"6793",0.4877,0.497014699536909
"6794",0.4321,0.497014699536909
"6795",0.4136,0.497014699536909
"6796",0.5926,0.497014699536909
"6797",0.5926,0.497014699536909
"6798",0.4877,0.497014699536909
"6799",0.5432,0.497014699536909
"6800",0.4877,0.497014699536909
"6801",0.5432,0.497014699536909
"6802",0.5062,0.497014699536909
"6803",0.5556,0.497014699536909
"6804",0.5494,0.497014699536909
"6805",0.4506,0.497014699536909
"6806",0.5926,0.497014699536909
"6807",0.4506,0.497014699536909
"6808",0.5926,0.497014699536909
"6809",0.5432,0.495591798930706
"6810",0.4321,0.497014699536909
"6811",0.4321,0.497014699536909
"6812",0.4321,0.497014702938391
"6813",0.4321,0.497014701262201
"6814",0.4506,0.497014699536909
"6815",0.4877,0.497014699536909
"6816",0.4753,0.497014699536909
"6817",0.5123,0.497014699536909
"6818",0.6049,0.499612215114006
"6819",0.3951,0.497014699536909
"6820",0.4074,0.497014699536909
"6821",0.4383,0.497014699536909
"6822",0.4321,0.497014698658901
"6823",0.3951,0.497014699536909
"6824",0.4877,0.497014699536909
"6825",0.4691,0.497017981415427
"6826",0.4753,0.497014699536909
"6827",0.537,0.497014699536909
"6828",0.4753,0.497014699536909
"6829",0.537,0.497014699536909
"6830",0.5556,0.497014699536909
"6831",0.5556,0.497014699536909
"6832",0.5556,0.497014699536909
"6833",0.5556,0.497014699536909
"6834",0.4753,0.497014699536909
"6835",0.5926,0.497014699536909
"6836",0.4753,0.497014699536909
"6837",0.5926,0.497014699536909
"6838",0.6049,0.497015297226245
"6839",0.5123,0.497014699536908
"6840",0.5123,0.497095271276736
"6841",0.5123,0.497014699536909
"6842",0.4691,0.497014699536909
"6843",0.5247,0.497014699536909
"6844",0.4074,0.497014699536909
"6845",0.5123,0.497014699536909
"6846",0.4506,0.497014699536909
"6847",0.4753,0.497014699536909
"6848",0.4753,0.546349337873437
"6849",0.4753,0.497014699536909
"6850",0.5926,0.497014699536909
"6851",0.5432,0.498445659779741
"6852",0.5432,0.497014699536909
"6853",0.5802,0.4970146489356
"6854",0.4321,0.497014699536909
"6855",0.5432,0.497014699536909
"6856",0.5432,0.497014699536909
"6857",0.4383,0.497014699536909
"6858",0.4506,0.497014699536909
"6859",0.4383,0.497014699536909
"6860",0.4506,0.497014699536905
"6861",0.4877,0.497014699536932
"6862",0.4877,0.497014699536909
"6863",0.4321,0.497014699536909
"6864",0.4506,0.497014699536909
"6865",0.5494,0.497014699536909
"6866",0.4506,0.497014699536937
"6867",0.5494,0.497014699536903
"6868",0.4321,0.497014699536909
"6869",0.5123,0.49807399408133
"6870",0.4383,0.497014699536909
"6871",0.5185,0.497014699536909
"6872",0.4383,0.497014699536909
"6873",0.5185,0.497014699536909
"6874",0.4383,0.497014699536909
"6875",0.5185,0.497014699536909
"6876",0.4877,0.497014699536909
"6877",0.4877,0.490978004230397
"6878",0.4321,0.497014699536909
"6879",0.5494,0.497014699536909
"6880",0.5432,0.497014699536909
"6881",0.5432,0.613168311602401
"6882",0.5432,0.497014699536909
"6883",0.5062,0.497014699536909
"6884",0.4506,0.497014699536909
"6885",0.5432,0.497014699536909
"6886",0.4506,0.497014699536909
"6887",0.5432,0.497014699536909
"6888",0.4506,0.49097802789942
"6889",0.5432,0.540054875153623
"6890",0.5432,0.523096766281409
"6891",0.4753,0.497014699536909
"6892",0.5432,0.497014699536909
"6893",0.5432,0.484117456251411
"6894",0.5494,0.497014699536909
"6895",0.4753,0.497014699536909
"6896",0.4506,0.497014699536909
"6897",0.4877,0.497014699536909
"6898",0.4136,0.497014698223271
"6899",0.5802,0.497052466324456
"6900",0.537,0.497014699536909
"6901",0.5802,0.497014699536909
"6902",0.5556,0.497014699549521
"6903",0.5556,0.497014699536909
"6904",0.5556,0.533630365236635
"6905",0.5185,0.497014699536909
"6906",0.4691,0.497013883416503
"6907",0.4691,0.497014699535149
"6908",0.5123,0.497014699536909
"6909",0.5123,0.497014739506858
"6910",0.4753,0.497014699536909
"6911",0.4753,0.497014699536909
"6912",0.5494,0.497014699536909
"6913",0.4321,0.497014699536909
"6914",0.4321,0.497014699536909
"6915",0.4321,0.497014699538383
"6916",0.4321,0.497014699536909
"6917",0.4383,0.501640287442319
"6918",0.4753,0.497014699536909
"6919",0.5926,0.497014699536909
"6920",0.5926,0.497014699536909
"6921",0.5062,0.497014699536909
"6922",0.5802,0.490980401375667
"6923",0.5802,0.497014699536909
"6924",0.3951,0.49701469953701
"6925",0.3951,0.49701485879111
"6926",0.3951,0.493979247484536
"6927",0.4877,0.497014699536909
"6928",0.5062,0.497014699536909
"6929",0.4753,0.497014699536909
"6930",0.5062,0.497022500669885
"6931",0.4753,0.497006048611588
"6932",0.5062,0.497014699002996
"6933",0.4753,0.497014694291108
"6934",0.4877,0.497014699536909
"6935",0.5556,0.497014713594125
"6936",0.4877,0.497014699536909
"6937",0.4321,0.497014699536909
"6938",0.4877,0.497014699537064
"6939",0.4321,0.497014699536806
"6940",0.537,0.497014699536909
"6941",0.5802,0.497014699536909
"6942",0.4136,0.497014713416692
"6943",0.4321,0.497014699536909
"6944",0.4136,0.497014699536909
"6945",0.4753,0.497014699536909
"6946",0.4321,0.497014699536909
"6947",0.4136,0.497014699536909
"6948",0.4321,0.497014699536909
"6949",0.5062,0.497014699536909
"6950",0.5802,0.479033736853079
"6951",0.5062,0.497014698963999
"6952",0.5802,0.497014699536909
"6953",0.5802,0.497014699536909
"6954",0.5802,0.512390038879074
"6955",0.5802,0.497060166002654
"6956",0.4753,0.497014699536909
"6957",0.4136,0.497014699329735
"6958",0.5494,0.497014696078978
"6959",0.5926,0.497014699536909
"6960",0.5926,0.49701469955173
"6961",0.5926,0.497014699536909
"6962",0.5926,0.497014699536909
"6963",0.5926,0.490977266093448
"6964",0.5926,0.497014699536909
"6965",0.4074,0.497014699536909
"6966",0.4877,0.497014699536909
"6967",0.4877,0.490980037282108
"6968",0.4877,0.497014699536909
"6969",0.4321,0.497014699536909
"6970",0.4506,0.497014699536909
"6971",0.4877,0.497014699536909
"6972",0.4753,0.497014598757091
"6973",0.4321,0.497014699536909
"6974",0.5556,0.497014699496241
"6975",0.4753,0.49097805282727
"6976",0.4753,0.497014699536909
"6977",0.4753,0.497014699536909
"6978",0.4753,0.497014699594078
"6979",0.4753,0.497394228498743
"6980",0.4321,0.497014699536909
"6981",0.4506,0.497063097028525
"6982",0.4691,0.497946206181485
"6983",0.5432,0.497018343180078
"6984",0.5185,0.497045883910248
"6985",0.4691,0.497014705097411
"6986",0.5432,0.497014699536477
"6987",0.5185,0.49701469967827
"6988",0.4691,0.592932921266976
"6989",0.5432,0.507347755070259
"6990",0.5185,0.501640287442319
"6991",0.4753,0.497014699536909
"6992",0.5123,0.497014699536909
"6993",0.5123,0.497014699536909
"6994",0.4506,0.497014699536909
"6995",0.4506,0.497014699536909
"6996",0.5926,0.497014699536909
"6997",0.5926,0.497014699536909
"6998",0.5926,0.497014699536909
"6999",0.5926,0.497014699536909
"7000",0.537,0.497014699536909
"7001",0.4753,0.497014699536909
"7002",0.537,0.497014699536909
"7003",0.4753,0.497014699536909
"7004",0.537,0.435149795336596
"7005",0.4753,0.441983550393928
"7006",0.537,0.497014698941917
"7007",0.4753,0.497014698565204
"7008",0.537,0.497014699536909
"7009",0.4753,0.497014699536909
"7010",0.537,0.497014699536909
"7011",0.4753,0.497014699536909
"7012",0.4136,0.497014699536909
"7013",0.5494,0.497014699536909
"7014",0.4136,0.497014699536909
"7015",0.5494,0.497014699536909
"7016",0.4691,0.497014699536909
"7017",0.4691,0.497014699536909
"7018",0.4877,0.497014699536909
"7019",0.5556,0.497014699536909
"7020",0.6049,0.497014699536909
"7021",0.5432,0.497014699536909
"7022",0.5802,0.497014699536909
"7023",0.4074,0.497014699536909
"7024",0.6049,0.497014699536909
"7025",0.5432,0.497014699536909
"7026",0.6049,0.497014699574765
"7027",0.5432,0.497014699534999
"7028",0.4321,0.497014699536909
"7029",0.4506,0.49701469953684
"7030",0.5432,0.497014699536909
"7031",0.4321,0.497014699536909
"7032",0.5432,0.497014699536909
"7033",0.5432,0.497014699536909
"7034",0.4321,0.497014699536909
"7035",0.5432,0.497014699536909
"7036",0.5432,0.497014699536909
"7037",0.4321,0.497014699536909
"7038",0.5432,0.497014699536909
"7039",0.537,0.497014699536909
"7040",0.4753,0.497014699536909
"7041",0.5062,0.497014699536909
"7042",0.4506,0.497014699536909
"7043",0.4506,0.497014699536909
"7044",0.4506,0.497014699536909
"7045",0.4753,0.497014699828993
"7046",0.4506,0.497014699536909
"7047",0.5556,0.497014699536909
"7048",0.5556,0.5858848619585
"7049",0.5432,0.497014699536909
"7050",0.5556,0.497014699536909
"7051",0.4506,0.497014699536909
"7052",0.4506,0.497014699536909
"7053",0.4506,0.497014699536909
"7054",0.4506,0.490956734954859
"7055",0.4506,0.497014699536909
"7056",0.4506,0.497014699536885
"7057",0.5802,0.497014699425926
"7058",0.5185,0.497014699536909
"7059",0.5062,0.497014699536909
"7060",0.4877,0.497014699536909
"7061",0.5926,0.497014699536909
"7062",0.4877,0.497014699536909
"7063",0.4753,0.497014700799144
"7064",0.5062,0.497014699536909
"7065",0.5062,0.490978005159915
"7066",0.5432,0.497014699536909
"7067",0.4136,0.497061262303451
"7068",0.4877,0.497014699536909
"7069",0.5123,0.497014699536909
"7070",0.5494,0.497014699536909
"7071",0.4321,0.497014699536909
"7072",0.4506,0.497014699536909
"7073",0.4506,0.497014699536909
"7074",0.537,0.497014699536909
"7075",0.5123,0.497014699536909
"7076",0.537,0.497015054810618
"7077",0.5123,0.496817795372387
"7078",0.4136,0.497014699536909
"7079",0.5247,0.497014699536909
"7080",0.4136,0.497014699536909
"7081",0.5247,0.497014699536909
"7082",0.4136,0.497014699536909
"7083",0.5247,0.497014699536909
"7084",0.4136,0.558576629183365
"7085",0.5247,0.510546532415365
"7086",0.4136,0.505387516081793
"7087",0.5247,0.547762198202087
"7088",0.5062,0.497014699536909
"7089",0.5123,0.497014699536909
"7090",0.4753,0.497014699536909
"7091",0.4753,0.497014699536909
"7092",0.4877,0.497014734818164
"7093",0.5123,0.497014699536909
"7094",0.5123,0.497014699536909
"7095",0.3951,0.497014699536909
"7096",0.4753,0.497014699536909
"7097",0.4383,0.497014699536909
"7098",0.5432,0.497014699536909
"7099",0.4383,0.497014699536909
"7100",0.5432,0.497014699536909
"7101",0.5247,0.497014699536909
"7102",0.5062,0.497014699536909
"7103",0.5062,0.535501006822474
"7104",0.5062,0.497014699536909
"7105",0.5062,0.497014699536909
"7106",0.5432,0.497014699536909
"7107",0.5802,0.497014699536909
"7108",0.5556,0.499210984817584
"7109",0.5556,0.497014699536909
"7110",0.4074,0.497014699536909
"7111",0.5926,0.497014699536909
"7112",0.4321,0.490983069706551
"7113",0.4321,0.497014699536909
"7114",0.4321,0.497014699536909
"7115",0.4321,0.497014699858848
"7116",0.4321,0.497014699536909
"7117",0.5556,0.497014699536909
"7118",0.5926,0.497014699536909
"7119",0.4506,0.49701668739345
"7120",0.5494,0.497014699536909
"7121",0.5802,0.497014699536909
"7122",0.5494,0.496650779363108
"7123",0.5062,0.497014699536909
"7124",0.5123,0.497014699536909
"7125",0.3951,0.497014699536909
"7126",0.4877,0.497014699536909
"7127",0.4877,0.497014699536909
"7128",0.4877,0.491067633487771
"7129",0.4877,0.497014699536909
"7130",0.4877,0.497014699536909
"7131",0.4753,0.497014699536909
"7132",0.4753,0.497014699536909
"7133",0.5123,0.497016342505414
"7134",0.5432,0.497014699536909
"7135",0.6049,0.526190517827472
"7136",0.6049,0.497014699536909
"7137",0.6049,0.497014699536909
"7138",0.6049,0.497014699536909
"7139",0.6049,0.497014889347629
"7140",0.5556,0.497014699536909
"7141",0.5185,0.497014699536909
"7142",0.5432,0.497014699536909
"7143",0.4753,0.497014699550782
"7144",0.3951,0.497014699536909
"7145",0.3951,0.497021450740904
"7146",0.3951,0.497014699536909
"7147",0.5802,0.497014699536909
"7148",0.5556,0.497014699536909
"7149",0.5432,0.497014699536909
"7150",0.6049,0.497014699536909
"7151",0.5432,0.497014699536909
"7152",0.6049,0.497014699536909
"7153",0.4506,0.497014699536909
"7154",0.4321,0.497014699536909
"7155",0.6049,0.523096766281409
"7156",0.5802,0.497014699534569
"7157",0.4506,0.497014699536909
"7158",0.4321,0.497014699536909
"7159",0.5926,0.497014699485828
"7160",0.5494,0.497014699536909
"7161",0.5432,0.497014699536909
"7162",0.4753,0.497014699536909
"7163",0.4321,0.497014699536909
"7164",0.4321,0.490682874381065
"7165",0.4321,0.497014699536909
"7166",0.4506,0.497014699536909
"7167",0.4753,0.497014699536909
"7168",0.5247,0.497014699536909
"7169",0.3951,0.497672632010288
"7170",0.4753,0.497014699536909
"7171",0.5926,0.497014699536909
"7172",0.4877,0.497014699536909
"7173",0.4506,0.497014699536909
"7174",0.4691,0.497014699536909
"7175",0.6049,0.497014699536909
"7176",0.4506,0.497014699536909
"7177",0.5432,0.497014699536909
"7178",0.4506,0.497014699536909
"7179",0.5432,0.497014699536909
"7180",0.4753,0.497014699536909
"7181",0.4753,0.497014699536909
"7182",0.4691,0.497014699536909
"7183",0.5123,0.497014699536909
"7184",0.4877,0.497014699536909
"7185",0.5556,0.497014699536909
"7186",0.5926,0.497014699536909
"7187",0.5802,0.497014699536909
"7188",0.5926,0.497014699536909
"7189",0.4321,0.49701469973311
"7190",0.5432,0.497014699536909
"7191",0.5432,0.497014699536909
"7192",0.5432,0.497014699536909
"7193",0.5432,0.497014699536909
"7194",0.4136,0.49701469953695
"7195",0.3951,0.497014699536909
"7196",0.537,0.497014699537005
"7197",0.537,0.497014699536909
"7198",0.4383,0.497014699536041
"7199",0.4753,0.497014699536909
"7200",0.4074,0.497014699536909
"7201",0.5494,0.497014699536909
"7202",0.4753,0.497014699536909
"7203",0.5185,0.497014699536909
"7204",0.4753,0.497014699536909
"7205",0.5185,0.497014699536909
"7206",0.4753,0.497014699536909
"7207",0.5185,0.497014699536909
"7208",0.4753,0.497014699536909
"7209",0.4753,0.497014699536909
"7210",0.4691,0.497014699536909
"7211",0.4753,0.497014699536909
"7212",0.4383,0.49701469975347
"7213",0.5062,0.497014699535547
"7214",0.4506,0.497014699536909
"7215",0.5123,0.497014699584814
"7216",0.5494,0.497014699539765
"7217",0.5123,0.497014699536912
"7218",0.5494,0.497014699536909
"7219",0.4506,0.497014699536909
"7220",0.4506,0.497014699536909
"7221",0.4506,0.497014699536909
"7222",0.4321,0.591507817645922
"7223",0.4753,0.510984819077196
"7224",0.4321,0.497014699536909
"7225",0.4753,0.497014699536909
"7226",0.4321,0.497014699536903
"7227",0.4753,0.497014699536872
"7228",0.4321,0.497014699536909
"7229",0.4753,0.497014699536909
"7230",0.4321,0.497014699536909
"7231",0.4753,0.497014699536909
"7232",0.4321,0.497014699536909
"7233",0.4753,0.497014699536909
"7234",0.537,0.497014699536909
"7235",0.4074,0.497467915532817
"7236",0.4877,0.497014699536909
"7237",0.5062,0.497014699536909
"7238",0.5062,0.497014699536909
"7239",0.5062,0.497014699536909
"7240",0.5062,0.497014699536909
"7241",0.4383,0.519078571838571
"7242",0.4383,0.497014699536909
"7243",0.4383,0.497014699536909
"7244",0.4383,0.497014699536909
"7245",0.5494,0.497014699536909
"7246",0.6049,0.497014699536909
"7247",0.4321,0.551025459507165
"7248",0.4321,0.497014699536909
"7249",0.5432,0.497058861346916
"7250",0.4877,0.497014699536909
"7251",0.4321,0.497014699536909
"7252",0.5432,0.491876021390047
"7253",0.5432,0.497014699536909
"7254",0.5432,0.491530797236229
"7255",0.3951,0.497014699536909
"7256",0.3951,0.497014699536909
"7257",0.4506,0.497014699536909
"7258",0.6049,0.497061262303451
"7259",0.5185,0.497024807251788
"7260",0.5926,0.497014646231677
"7261",0.4321,0.497014699536909
"7262",0.5556,0.497014699536909
"7263",0.5432,0.497014699253659
"7264",0.4136,0.497014699536909
"7265",0.5494,0.497014699536909
"7266",0.4506,0.497014699536909
"7267",0.5556,0.497014699536909
"7268",0.4691,0.497014699536909
"7269",0.4383,0.497014699536909
"7270",0.4383,0.497014699536909
"7271",0.4383,0.497014699536909
"7272",0.4383,0.497014699536909
"7273",0.4383,0.497014699536909
"7274",0.5247,0.497014699536909
"7275",0.4691,0.497014699536909
"7276",0.5494,0.497014699536909
"7277",0.5247,0.497014699536909
"7278",0.4506,0.497014699536909
"7279",0.5802,0.497014699536909
"7280",0.3951,0.497542646077612
"7281",0.5432,0.497014699536909
"7282",0.5432,0.497014699536909
"7283",0.5185,0.497014699536909
"7284",0.5432,0.497014699536909
"7285",0.5185,0.497014699536909
"7286",0.5432,0.497014699536909
"7287",0.4321,0.497014699536909
"7288",0.4753,0.497014699536909
"7289",0.5926,0.497014699536909
"7290",0.4753,0.497014699536909
"7291",0.5926,0.497014699536909
"7292",0.5556,0.497014699536909
"7293",0.5926,0.497014699536909
"7294",0.5123,0.497014699536909
"7295",0.6049,0.497014699536909
"7296",0.6049,0.497014699536909
"7297",0.5494,0.497014699536909
"7298",0.6049,0.497014699536919
"7299",0.5494,0.497014699536909
"7300",0.6049,0.497014699536909
"7301",0.5494,0.497014699536909
"7302",0.6049,0.497014699536909
"7303",0.5494,0.497014699536909
"7304",0.3951,0.497014699536909
"7305",0.5494,0.497014699536909
"7306",0.4136,0.497541963087987
"7307",0.5432,0.497014699536909
"7308",0.5432,0.497014699536909
"7309",0.5432,0.497014699536909
"7310",0.5432,0.497014699536909
"7311",0.5432,0.497014699536909
"7312",0.5432,0.497014699536909
"7313",0.537,0.497014699536909
"7314",0.5123,0.497014699536909
"7315",0.5556,0.497014699536909
"7316",0.537,0.497014699536909
"7317",0.5556,0.497014699536909
"7318",0.537,0.497014699536909
"7319",0.3951,0.497014699536898
"7320",0.4506,0.497014699536909
"7321",0.4877,0.497014699536776
"7322",0.5802,0.497014699536909
"7323",0.5123,0.497014699536909
"7324",0.5432,0.497014699536909
"7325",0.5556,0.497014699536909
"7326",0.5123,0.497562815336874
"7327",0.5062,0.518112763893717
"7328",0.5123,0.497014699536909
"7329",0.5062,0.497014699536909
"7330",0.5123,0.497014699536909
"7331",0.4753,0.497014699536909
"7332",0.4753,0.497014699536909
"7333",0.6049,0.497014699536909
"7334",0.5185,0.497014699536909
"7335",0.4506,0.497014699536908
"7336",0.6049,0.497014699536909
"7337",0.5926,0.497014699536909
"7338",0.4877,0.490978005068153
"7339",0.4877,0.497014699536909
"7340",0.5123,0.497014699536909
"7341",0.5247,0.497014699534785
"7342",0.5247,0.484693309725551
"7343",0.5247,0.497014699536909
"7344",0.4506,0.497014699536909
"7345",0.5432,0.497014699536909
"7346",0.5556,0.497014699536909
"7347",0.5432,0.497014699537294
"7348",0.5556,0.497014699536875
"7349",0.5185,0.497014699536909
"7350",0.4383,0.497014699536909
"7351",0.5926,0.497014699536909
"7352",0.5185,0.497014699536909
"7353",0.4383,0.497014699536909
"7354",0.5926,0.497014699536909
"7355",0.5185,0.491275715039939
"7356",0.4383,0.445904340380088
"7357",0.5926,0.587760259069692
"7358",0.5185,0.490985124772304
"7359",0.4383,0.45758675924626
"7360",0.5926,0.554196583685952
"7361",0.5185,0.497014699536909
"7362",0.4383,0.497014699536908
"7363",0.5926,0.497014699536909
"7364",0.5185,0.497014699536909
"7365",0.4383,0.497014699536909
"7366",0.5926,0.497014699536909
"7367",0.5185,0.497014839896513
"7368",0.4383,0.497014676508051
"7369",0.5926,0.497014699546453
"7370",0.5185,0.497014699536909
"7371",0.4383,0.497014699536909
"7372",0.5926,0.497014699536909
"7373",0.5185,0.497014699537195
"7374",0.4383,0.497014699533855
"7375",0.5926,0.497014699536908
"7376",0.5185,0.491396331930861
"7377",0.4383,0.481868270432683
"7378",0.5926,0.508753737012157
"7379",0.4321,0.497014699618855
"7380",0.4753,0.497014699536909
"7381",0.4506,0.497014699539157
"7382",0.5926,0.497014699536909
"7383",0.4753,0.497014699536909
"7384",0.4753,0.497014699536909
"7385",0.537,0.497014699536909
"7386",0.5926,0.497014699536909
"7387",0.5926,0.583153941822635
"7388",0.5926,0.497014699536909
"7389",0.5494,0.523096766281409
"7390",0.4753,0.497014699536909
"7391",0.4074,0.497014878234834
"7392",0.4074,0.497014699536909
"7393",0.4506,0.497014699536909
"7394",0.4753,0.497014700233168
"7395",0.5123,0.497014699536909
"7396",0.5123,0.497014699536909
"7397",0.5123,0.497014699550889
"7398",0.5432,0.497014699536909
"7399",0.5185,0.497014699536909
"7400",0.5556,0.497014699536909
"7401",0.5556,0.490977404725059
"7402",0.5556,0.497014699536909
"7403",0.5556,0.497014699536909
"7404",0.5556,0.497014699536909
"7405",0.4383,0.497014699536909
"7406",0.5556,0.497014699536909
"7407",0.4383,0.497014699536909
"7408",0.5802,0.497014699536909
"7409",0.6049,0.497014699536909
"7410",0.4506,0.497014699536909
"7411",0.4753,0.497014699536909
"7412",0.5802,0.497014699536909
"7413",0.4321,0.497014699536909
"7414",0.5432,0.501347451709645
"7415",0.4753,0.497014699536909
"7416",0.3951,0.497014699536909
"7417",0.4877,0.497014699536909
"7418",0.5556,0.497014699536909
"7419",0.5062,0.497014699536909
"7420",0.5247,0.497014699536909
"7421",0.4136,0.497015215869609
"7422",0.4136,0.497014699536909
"7423",0.5247,0.497014699536909
"7424",0.5556,0.497014698960183
"7425",0.5926,0.497014699536909
"7426",0.4753,0.497014699536909
"7427",0.6049,0.497014699536909
"7428",0.4506,0.497014699536909
"7429",0.5432,0.497014699536909
"7430",0.5123,0.49807399408133
"7431",0.5247,0.497014699536909
"7432",0.5556,0.497014699536909
"7433",0.5123,0.497014699536909
"7434",0.5247,0.497014699532981
"7435",0.5556,0.497014698661917
"7436",0.5123,0.497014699063035
"7437",0.5247,0.497014699536244
"7438",0.5556,0.497014699406382
"7439",0.5123,0.497014699465971
"7440",0.4136,0.497014699536909
"7441",0.5556,0.497014699536909
"7442",0.5556,0.497014699536909
"7443",0.5123,0.497014699536909
"7444",0.5494,0.497014699536909
"7445",0.5123,0.497014699536909
"7446",0.5494,0.497014699536909
"7447",0.4321,0.497014699536909
"7448",0.4321,0.497014699536909
"7449",0.5556,0.497014699536909
"7450",0.4321,0.497014699536909
"7451",0.5185,0.497014699536909
"7452",0.4383,0.497014699536909
"7453",0.5556,0.497014699536909
"7454",0.4383,0.497014699536909
"7455",0.5556,0.497014699536909
"7456",0.5432,0.497047737901394
"7457",0.4877,0.497014699536909
"7458",0.4877,0.497014699536909
"7459",0.4506,0.497014699536909
"7460",0.3951,0.497014699536909
"7461",0.5432,0.497085672806543
"7462",0.5432,0.497014699536909
"7463",0.4753,0.497014702679356
"7464",0.4877,0.49704320149782
"7465",0.5926,0.497014699536909
"7466",0.4877,0.497014699536909
"7467",0.4691,0.497014699536909
"7468",0.4383,0.497014699536909
"7469",0.5123,0.497014699536909
"7470",0.5123,0.497014699536909
"7471",0.4383,0.497014699536909
"7472",0.5802,0.497014699536909
"7473",0.4691,0.497014699536909
"7474",0.6049,0.497031449191443
"7475",0.5185,0.497031449191443
"7476",0.6049,0.497014944694516
"7477",0.6049,0.523096766281409
"7478",0.5185,0.523096766281409
"7479",0.6049,0.576273865256153
"7480",0.6049,0.497014699536909
"7481",0.5185,0.497014699536909
"7482",0.6049,0.497014699536909
"7483",0.4691,0.497014699536909
"7484",0.5247,0.497014699536909
"7485",0.4506,0.497014699536909
"7486",0.4506,0.499447753996084
"7487",0.4074,0.490978005293698
"7488",0.4074,0.497014699536909
"7489",0.4074,0.497014699536909
"7490",0.4074,0.490978005293698
"7491",0.537,0.497014699536909
"7492",0.5926,0.497014699536909
"7493",0.5185,0.501640287442319
"7494",0.4383,0.497014699536909
"7495",0.5432,0.497014699536909
"7496",0.4383,0.497014699536909
"7497",0.5432,0.497014699536909
"7498",0.4136,0.497014699536909
"7499",0.5432,0.497014699536909
"7500",0.4506,0.501640287442319
"7501",0.5123,0.497014699536909
"7502",0.5432,0.497124310060215
"7503",0.4506,0.497014699536909
"7504",0.5432,0.497014699536909
"7505",0.4753,0.497014699536909
"7506",0.5926,0.497014699536909
"7507",0.5556,0.497014699536909
"7508",0.5432,0.497014699536909
"7509",0.4074,0.497014699536909
"7510",0.5062,0.497014699536909
"7511",0.5926,0.497014699536909
"7512",0.4753,0.497014699536909
"7513",0.4753,0.497014699536909
"7514",0.5432,0.497014699536909
"7515",0.4506,0.497014699536909
"7516",0.4074,0.497015659733136
"7517",0.5926,0.497014699536909
"7518",0.5123,0.497014699536909
"7519",0.5247,0.497014733334735
"7520",0.5432,0.497014699536909
"7521",0.4753,0.497014699551835
"7522",0.4753,0.497014699536909
"7523",0.4753,0.497014699536909
"7524",0.4753,0.497014699536909
"7525",0.4753,0.497014699536909
"7526",0.5062,0.497014699536909
"7527",0.5062,0.497014699536909
"7528",0.4691,0.497014699536909
"7529",0.4753,0.497014699536909
"7530",0.537,0.497014699533203
"7531",0.4691,0.497014699536909
"7532",0.4691,0.497014699536909
"7533",0.4074,0.497014699536909
"7534",0.5556,0.497014699536909
"7535",0.5556,0.497014699536909
"7536",0.5926,0.497014699536909
"7537",0.5432,0.497014699536909
"7538",0.5802,0.497014699536909
"7539",0.5062,0.497014699703177
"7540",0.5062,0.497014699536909
"7541",0.5062,0.491716843201233
"7542",0.5556,0.497014699536909
"7543",0.4506,0.497014699536909
"7544",0.5494,0.497014699536909
"7545",0.4753,0.497014699536909
"7546",0.4321,0.497014699536909
"7547",0.4753,0.497014699536909
"7548",0.4321,0.497014699536909
"7549",0.5926,0.497014699617902
"7550",0.5926,0.497014699536909
"7551",0.5494,0.506690220818276
"7552",0.4753,0.497014699536858
"7553",0.6049,0.497015134997157
"7554",0.3951,0.497014699536909
"7555",0.4691,0.497014699536895
"7556",0.3951,0.497014699536909
"7557",0.3951,0.497014699536909
"7558",0.5432,0.497014699536909
"7559",0.5556,0.497014699536909
"7560",0.4074,0.497014699536908
"7561",0.4321,0.497015195258345
"7562",0.4506,0.497239152925219
"7563",0.5556,0.497014699536909
"7564",0.4136,0.497014699536909
"7565",0.5432,0.497014699536909
"7566",0.5432,0.497014699536909
"7567",0.4136,0.497014699536909
"7568",0.5432,0.497014699536909
"7569",0.5556,0.497014699536909
"7570",0.5556,0.497014711295702
"7571",0.4074,0.497014699536909
"7572",0.5247,0.497014699536909
"7573",0.5556,0.497014699536909
"7574",0.5247,0.497014699536909
"7575",0.5556,0.497014699536909
"7576",0.4321,0.497014699536909
"7577",0.5123,0.497014699536909
"7578",0.4321,0.497014699536909
"7579",0.5123,0.497014699536909
"7580",0.4753,0.497014699536909
"7581",0.4877,0.497014699536909
"7582",0.5926,0.497014699315645
"7583",0.5926,0.497014699536909
"7584",0.4074,0.497014699536909
"7585",0.4321,0.497014699536909
"7586",0.537,0.497014699536909
"7587",0.5494,0.497014699536909
"7588",0.4506,0.497014699536909
"7589",0.5123,0.497014699536909
"7590",0.4506,0.497014699536909
"7591",0.5123,0.497014699536909
"7592",0.4506,0.497014699536909
"7593",0.5123,0.497014699536909
"7594",0.4506,0.497014699536909
"7595",0.5123,0.497014699536909
"7596",0.4753,0.497014699536909
"7597",0.4321,0.497014699536909
"7598",0.5432,0.497014700177486
"7599",0.5247,0.497014699536909
"7600",0.4074,0.497014699536909
"7601",0.4074,0.497014699536909
"7602",0.5185,0.497014699536909
"7603",0.5185,0.497014699536909
"7604",0.5556,0.497014699536909
"7605",0.3951,0.497014699536909
"7606",0.5185,0.497014699536909
"7607",0.3951,0.497014699536909
"7608",0.5185,0.497014699536909
"7609",0.5556,0.49701469953689
"7610",0.5432,0.497014699536909
"7611",0.4136,0.506690220818276
"7612",0.6049,0.497015314574327
"7613",0.6049,0.497014699536909
"7614",0.6049,0.497014699536909
"7615",0.5926,0.497014699536909
"7616",0.4753,0.497014699536909
"7617",0.4753,0.497014699536909
"7618",0.5123,0.497014699536909
"7619",0.4321,0.497014699536909
"7620",0.4074,0.497014699536909
"7621",0.5926,0.497014699536909
"7622",0.4753,0.497014699536909
"7623",0.4753,0.497014699536909
"7624",0.537,0.497014699536909
"7625",0.5926,0.497014699536909
"7626",0.4877,0.497014699536909
"7627",0.5432,0.497014699536909
"7628",0.4136,0.497014699536909
"7629",0.5432,0.490978004935563
"7630",0.5432,0.497014699536909
"7631",0.5556,0.503176645740863
"7632",0.4691,0.497014699536909
"7633",0.4383,0.562055073579151
"7634",0.4383,0.497014699536909
"7635",0.4136,0.497014699536909
"7636",0.3951,0.497014699536909
"7637",0.4383,0.497014699536909
"7638",0.5926,0.497014699536909
"7639",0.4383,0.497014699536909
"7640",0.5926,0.497014699536909
"7641",0.537,0.497014699536909
"7642",0.537,0.490880415100213
"7643",0.537,0.497014699536909
"7644",0.5185,0.49807399408133
"7645",0.5556,0.49701469953447
"7646",0.5556,0.497014699536909
"7647",0.5432,0.497014699538826
"7648",0.5123,0.497014699538084
"7649",0.5432,0.496577887734139
"7650",0.5123,0.497072101903149
"7651",0.5432,0.497014699536909
"7652",0.4321,0.497014699536909
"7653",0.5432,0.497014699536909
"7654",0.4321,0.497014699536909
"7655",0.4877,0.497014699536909
"7656",0.5185,0.497014700573538
"7657",0.4753,0.497014699536909
"7658",0.5556,0.510314505671628
"7659",0.5556,0.497014699536909
"7660",0.537,0.49699990124406
"7661",0.3951,0.497014699536909
"7662",0.4877,0.497014699536909
"7663",0.4753,0.497014698789028
"7664",0.4753,0.497014713668003
"7665",0.5926,0.497014699536909
"7666",0.5926,0.497014699536909
"7667",0.4074,0.497014699536909
"7668",0.4321,0.497014699536909
"7669",0.537,0.497014699536909
"7670",0.4321,0.497014699536909
"7671",0.537,0.497014699536909
"7672",0.5432,0.517529339331558
"7673",0.5432,0.497014699536909
"7674",0.4136,0.497014699536909
"7675",0.4136,0.497014699536921
"7676",0.4136,0.501761791321392
"7677",0.5247,0.497014699536909
"7678",0.6049,0.497014699536909
"7679",0.4074,0.497014699536909
"7680",0.5432,0.497014699536909
"7681",0.4753,0.497014699536909
"7682",0.5432,0.497014699536909
"7683",0.4753,0.497014699536909
"7684",0.537,0.497014699536909
"7685",0.537,0.497014699536909
"7686",0.5123,0.497014699536909
"7687",0.5432,0.497014699536909
"7688",0.5432,0.497014699536909
"7689",0.5432,0.497014699536909
"7690",0.5432,0.497014699536909
"7691",0.5432,0.497014699536909
"7692",0.5556,0.497014699536909
"7693",0.5494,0.497014699536909
"7694",0.5556,0.497024746408099
"7695",0.4383,0.497014699536909
"7696",0.5247,0.497014699536909
"7697",0.4877,0.490978005296299
"7698",0.4877,0.497014699536909
"7699",0.4877,0.497014699536909
"7700",0.4136,0.497014699536909
"7701",0.4136,0.497014699536909
"7702",0.4136,0.49701469953691
"7703",0.5185,0.497014699536909
"7704",0.4753,0.492746582305907
"7705",0.4753,0.497014699536909
"7706",0.4753,0.533552362170421
"7707",0.4753,0.497014699536909
"7708",0.4383,0.497014699536909
"7709",0.5556,0.497014699536909
"7710",0.4383,0.497014699536909
"7711",0.4383,0.497014699536909
"7712",0.5123,0.497014699536909
"7713",0.6049,0.497014699536909
"7714",0.6049,0.497014699536909
"7715",0.4691,0.497014699536909
"7716",0.4691,0.497014699536909
"7717",0.4691,0.491187894878475
"7718",0.4691,0.497014994983314
"7719",0.4753,0.463961135500932
"7720",0.4753,0.497014699536909
"7721",0.4753,0.497014699536909
"7722",0.5062,0.497014699536909
"7723",0.4506,0.523096766281409
"7724",0.5556,0.497014699536909
"7725",0.4074,0.497014699536909
"7726",0.4877,0.497014699536909
"7727",0.4506,0.497014699536909
"7728",0.4877,0.497014699536909
"7729",0.4506,0.497014699536909
"7730",0.4506,0.502335874041791
"7731",0.5432,0.509264403719447
"7732",0.5494,0.497164563489788
"7733",0.4506,0.503916205635332
"7734",0.5432,0.638940012934738
"7735",0.5494,0.483389782786464
"7736",0.4506,0.497014699536909
"7737",0.5432,0.497014699536909
"7738",0.5494,0.497014699536909
"7739",0.4506,0.497014699536909
"7740",0.5432,0.497014699536909
"7741",0.5494,0.497014699536909
"7742",0.4506,0.497014699536909
"7743",0.5432,0.497014699536909
"7744",0.5494,0.497014699536909
"7745",0.4506,0.497014699536862
"7746",0.5432,0.497014699536821
"7747",0.5494,0.497014699536522
"7748",0.4506,0.502597462782687
"7749",0.5432,0.509804967378071
"7750",0.5494,0.496860345097914
"7751",0.4506,0.497014699536909
"7752",0.5432,0.497014699536909
"7753",0.5494,0.497014699536909
"7754",0.4506,0.497014684669082
"7755",0.5432,0.497014677890606
"7756",0.5494,0.497014385649283
"7757",0.537,0.514128516849477
"7758",0.4136,0.517882402699141
"7759",0.4506,0.481016829919477
"7760",0.537,0.497061262303451
"7761",0.4136,0.49703405431057
"7762",0.4506,0.497110751615309
"7763",0.537,0.497014699536909
"7764",0.4136,0.497014699536909
"7765",0.4506,0.497014699536909
"7766",0.4321,0.497014699536909
"7767",0.5123,0.523096766281409
"7768",0.5926,0.497014699536909
"7769",0.5123,0.497014716353397
"7770",0.5432,0.497014699536909
"7771",0.5185,0.497014699536909
"7772",0.4321,0.491007963587303
"7773",0.4321,0.497014699536909
"7774",0.4321,0.497014699536909
"7775",0.4321,0.497014699536909
"7776",0.4753,0.497014699536909
"7777",0.5185,0.497014699536909
"7778",0.3951,0.497014699536909
"7779",0.5185,0.497014699536909
"7780",0.3951,0.497014699536909
"7781",0.4321,0.497014699536909
"7782",0.5926,0.497014699536909
"7783",0.4753,0.497014699536909
"7784",0.4136,0.497014699536909
"7785",0.5432,0.497014699536909
"7786",0.4136,0.497014699536909
"7787",0.4321,0.49701486482214
"7788",0.5802,0.497014699536909
"7789",0.4506,0.497014699536909
"7790",0.4506,0.497014699536909
"7791",0.6049,0.497092415457327
"7792",0.6049,0.497014699536909
"7793",0.4691,0.497014699536909
"7794",0.5556,0.523096766281409
"7795",0.4383,0.497014699536909
"7796",0.4506,0.497014699909002
"7797",0.5432,0.497014699536909
"7798",0.4074,0.497014699536909
"7799",0.5247,0.497014699536909
"7800",0.5185,0.497014699536909
"7801",0.5247,0.498246555824665
"7802",0.5185,0.497054279168894
"7803",0.5062,0.497014699536909
"7804",0.4321,0.497031449191443
"7805",0.3951,0.497014699536909
"7806",0.3951,0.497014699536909
"7807",0.4753,0.497014699536909
"7808",0.4074,0.497014699535524
"7809",0.3951,0.497014699618569
"7810",0.4074,0.497014699536909
"7811",0.3951,0.497014699536909
"7812",0.4074,0.541321117258388
"7813",0.3951,0.491287676275006
"7814",0.4074,0.497014825733642
"7815",0.3951,0.497017635816321
"7816",0.4074,0.497014699536909
"7817",0.3951,0.497014699536909
"7818",0.4074,0.497014699536909
"7819",0.3951,0.497014699536909
"7820",0.5432,0.497014699536909
"7821",0.5062,0.447759418543675
"7822",0.5432,0.497014699536909
"7823",0.4506,0.497014699536909
"7824",0.5494,0.49708447047281
"7825",0.5926,0.49909190177991
"7826",0.5494,0.497692765813297
"7827",0.5926,0.521203614750804
"7828",0.5494,0.497014699536908
"7829",0.5926,0.497014699536908
"7830",0.5494,0.497014699536909
"7831",0.5926,0.497014699536909
"7832",0.4506,0.497014699536909
"7833",0.4074,0.497014699536908
"7834",0.4074,0.497014699536908
"7835",0.4321,0.497014699536909
"7836",0.4321,0.497014699536909
"7837",0.4877,0.523096766281409
"7838",0.3951,0.497014699536909
"7839",0.5062,0.497014699536909
"7840",0.3951,0.497014699536909
"7841",0.5062,0.497014699536909
"7842",0.4691,0.497014699536909
"7843",0.5432,0.497014699536909
"7844",0.5432,0.501189907774212
"7845",0.5432,0.49701469967414
"7846",0.5432,0.497014699536909
"7847",0.4691,0.497014734818164
"7848",0.4877,0.497014699536909
"7849",0.3951,0.517882402699141
"7850",0.5802,0.497053095177599
"7851",0.4136,0.497014699292751
"7852",0.5926,0.497014709570736
"7853",0.4753,0.497014705060947
"7854",0.5926,0.497014709570736
"7855",0.4753,0.497014705060947
"7856",0.4506,0.497014699536918
"7857",0.4074,0.497014699536909
"7858",0.4074,0.497014699536909
"7859",0.3951,0.497014699536909
"7860",0.537,0.497014699536909
"7861",0.4321,0.497014699536909
"7862",0.5926,0.497014699536909
"7863",0.5926,0.497014699536909
"7864",0.4383,0.497014699536909
"7865",0.5432,0.497014699536909
"7866",0.4383,0.497014699536909
"7867",0.5432,0.497014699536909
"7868",0.5802,0.497014699536909
"7869",0.4383,0.497014699536909
"7870",0.5494,0.497014699536909
"7871",0.4321,0.497014699536909
"7872",0.4691,0.497014699536909
"7873",0.4691,0.497014699536909
"7874",0.4136,0.497014699536909
"7875",0.5494,0.535043010924083
"7876",0.4877,0.497014699536909
"7877",0.4877,0.497014699536909
"7878",0.4877,0.497014699536909
"7879",0.5432,0.497014699536909
"7880",0.3951,0.497014699536909
"7881",0.3951,0.497014699536909
"7882",0.3951,0.497014699536909
"7883",0.4753,0.497014699536909
"7884",0.3951,0.497014699536909
"7885",0.5556,0.497014699536909
"7886",0.4753,0.497014699536909
"7887",0.5062,0.497014699536909
"7888",0.5802,0.497014699536909
"7889",0.5185,0.497014699536909
"7890",0.5556,0.497018030893457
"7891",0.5556,0.510127650549802
"7892",0.5556,0.497014704562654
"7893",0.5432,0.497014699536909
"7894",0.4136,0.497014699536909
"7895",0.3951,0.497014699536909
"7896",0.5247,0.497014699536909
"7897",0.5494,0.497014699536909
"7898",0.4321,0.497014699536909
"7899",0.5247,0.497014699667657
"7900",0.6049,0.497014699569739
"7901",0.5247,0.497014699529575
"7902",0.6049,0.497014699516114
"7903",0.4753,0.497014699536909
"7904",0.4753,0.497014699536909
"7905",0.4321,0.497014699537052
"7906",0.4321,0.497014699536909
"7907",0.4321,0.497014699536909
"7908",0.5432,0.497014699536909
"7909",0.4506,0.497014699536909
"7910",0.4506,0.49701494542298
"7911",0.5556,0.497034309384761
"7912",0.4506,0.497014699536909
"7913",0.5185,0.497014699536909
"7914",0.4691,0.497014699536909
"7915",0.4383,0.497014699536909
"7916",0.5556,0.497014699536909
"7917",0.4383,0.497014699536909
"7918",0.5556,0.497014699536909
"7919",0.5123,0.497014699536909
"7920",0.5432,0.497014699536909
"7921",0.5185,0.497014699536909
"7922",0.4321,0.497014699536909
"7923",0.4321,0.497014699536909
"7924",0.5185,0.497014699536909
"7925",0.4321,0.497014699536909
"7926",0.5432,0.497014699536909
"7927",0.4321,0.497014699534775
"7928",0.3951,0.497014699536909
"7929",0.5432,0.497014699536909
"7930",0.5123,0.497014699536909
"7931",0.5556,0.497014699536909
"7932",0.4136,0.497014699536909
"7933",0.5432,0.497014699536909
"7934",0.5432,0.497014699536909
"7935",0.3951,0.497014699536909
"7936",0.5185,0.497014699536909
"7937",0.3951,0.497014699536909
"7938",0.5185,0.497014699536909
"7939",0.3951,0.497014699536909
"7940",0.5185,0.497014699536909
"7941",0.3951,0.497014699536909
"7942",0.5185,0.497014699536909
"7943",0.3951,0.497014699536909
"7944",0.5185,0.497014699536909
"7945",0.4321,0.497014699536909
"7946",0.4321,0.497014699536909
"7947",0.5247,0.497542646077612
"7948",0.4753,0.497014699536909
"7949",0.5556,0.497014699536909
"7950",0.4753,0.497014699536909
"7951",0.5556,0.497014699536909
"7952",0.4074,0.497014695382655
"7953",0.537,0.506690220818276
"7954",0.5802,0.497014699536909
"7955",0.6049,0.497014699536909
"7956",0.6049,0.490978802857702
"7957",0.5432,0.497014699536909
"7958",0.5432,0.491223935422062
"7959",0.5432,0.497014699536909
"7960",0.5556,0.497290369135323
"7961",0.4506,0.497014699536909
"7962",0.3951,0.497014699536906
"7963",0.4753,0.497014699536909
"7964",0.4321,0.497014699536909
"7965",0.4753,0.497014699536909
"7966",0.537,0.497014249519151
"7967",0.4506,0.497014699536909
"7968",0.4877,0.497742377012192
"7969",0.4877,0.497014699536909
"7970",0.5432,0.49701033173702
"7971",0.5247,0.493478904705131
"7972",0.5247,0.497014699536909
"7973",0.4506,0.497014699536909
"7974",0.5062,0.497014699536909
"7975",0.537,0.497014699536909
"7976",0.5802,0.497014699536909
"7977",0.5247,0.497014699536909
"7978",0.5247,0.497014699536909
"7979",0.5185,0.497014699499972
"7980",0.4506,0.497014699536909
"7981",0.5926,0.461235536239088
"7982",0.4753,0.497014699536909
"7983",0.4753,0.497014699536909
"7984",0.5926,0.497014699536909
"7985",0.4383,0.497014699536909
"7986",0.5123,0.497014699536909
"7987",0.6049,0.497014699536909
"7988",0.5123,0.497014699525113
"7989",0.5556,0.497014699536909
"7990",0.4753,0.497014699536909
"7991",0.4877,0.497014699536909
"7992",0.5432,0.497014699536909
"7993",0.5123,0.497014699536909
"7994",0.3951,0.497014699536909
"7995",0.5556,0.497014699536909
"7996",0.5123,0.497014699536909
"7997",0.3951,0.497014699536909
"7998",0.5123,0.497014699536909
"7999",0.3951,0.497014699536909
"8000",0.5926,0.497014699536909
"8001",0.5926,0.497014699536909
"8002",0.4506,0.497014699536909
"8003",0.5123,0.497014699536909
"8004",0.5062,0.497014699536909
"8005",0.5062,0.497014699536909
"8006",0.5062,0.497041526094136
"8007",0.4877,0.49701469953692
"8008",0.5185,0.497014699536909
"8009",0.6049,0.497014699536909
"8010",0.4753,0.497017168129469
"8011",0.4506,0.497014699536909
"8012",0.4136,0.497014699536909
"8013",0.4383,0.497014699535333
"8014",0.4753,0.498654247162509
"8015",0.4753,0.497014699536909
"8016",0.4506,0.497014699536909
"8017",0.4753,0.497014699536909
"8018",0.5926,0.497014699536909
"8019",0.5185,0.497014699536909
"8020",0.5185,0.497014699536909
"8021",0.4136,0.52469400211411
"8022",0.4136,0.497014699536909
"8023",0.4383,0.497014699536909
"8024",0.5802,0.497014699740431
"8025",0.5556,0.497014699536909
"8026",0.537,0.497014699536909
"8027",0.5432,0.497014699727068
"8028",0.5062,0.497014699536909
"8029",0.4136,0.497014699536906
"8030",0.4136,0.497014699523173
"8031",0.4136,0.52067836108325
"8032",0.4753,0.501640287442319
"8033",0.4753,0.497014699536909
"8034",0.4753,0.497014699536909
"8035",0.4753,0.497014699536909
"8036",0.4753,0.497014699536909
"8037",0.4753,0.497556420100847
"8038",0.5802,0.497014699536907
"8039",0.5432,0.497014699536909
"8040",0.5494,0.501347451709645
"8041",0.4691,0.497014699536909
"8042",0.5185,0.498045463611958
"8043",0.5123,0.497014699536909
"8044",0.5185,0.497014699536909
"8045",0.5123,0.497014699536909
"8046",0.5185,0.497014699536909
"8047",0.5062,0.49701469953632
"8048",0.5802,0.49701469953696
"8049",0.5802,0.497014699536909
"8050",0.5802,0.490956128945715
"8051",0.5802,0.497014699536909
"8052",0.4506,0.497014699536909
"8053",0.5802,0.497014699813322
"8054",0.5802,0.497014699334351
"8055",0.5802,0.497014699536789
"8056",0.537,0.497014699536909
"8057",0.5556,0.497014699536909
"8058",0.5556,0.490977528287136
"8059",0.5556,0.497014699536909
"8060",0.5185,0.498600978195864
"8061",0.5185,0.497014699536685
"8062",0.5432,0.497014699536909
"8063",0.4506,0.497014699536909
"8064",0.5556,0.523096766281409
"8065",0.4136,0.497014699536909
"8066",0.4136,0.497014699536909
"8067",0.4136,0.497014699536909
"8068",0.4136,0.497014699536909
"8069",0.4074,0.497014699536909
"8070",0.4074,0.497014699536909
"8071",0.4506,0.497014699536164
"8072",0.5556,0.497014699536909
"8073",0.4136,0.497112167548523
"8074",0.3951,0.497014699536909
"8075",0.4506,0.497014699536902
"8076",0.4383,0.497014699536909
"8077",0.4136,0.497014699536909
"8078",0.4753,0.497014699536909
"8079",0.6049,0.497014699539123
"8080",0.4136,0.497014698687448
"8081",0.3951,0.497014819584579
"8082",0.4136,0.497014699536909
"8083",0.4136,0.520139243734175
"8084",0.4136,0.497014699536909
"8085",0.6049,0.49701504915855
"8086",0.4506,0.497014699536909
"8087",0.4506,0.501955077916074
"8088",0.4506,0.497014699536909
"8089",0.4506,0.497014699536909
"8090",0.4506,0.497014699536909
"8091",0.4506,0.497014699536909
"8092",0.4506,0.497014699542364
"8093",0.4506,0.497014699536909
"8094",0.4877,0.497014699536909
"8095",0.4506,0.497014699536909
"8096",0.4877,0.497014699536909
"8097",0.4074,0.497014699536909
"8098",0.4074,0.497014699536909
"8099",0.4074,0.497014699536909
"8100",0.5185,0.49701470084028
"8101",0.5185,0.497014699536909
"8102",0.5185,0.497014699536912
"8103",0.5185,0.497014699536909
"8104",0.5556,0.497014699575936
"8105",0.5802,0.497014699536909
"8106",0.5247,0.497014699536909
"8107",0.5185,0.497014699536909
"8108",0.5432,0.497014699532365
"8109",0.6049,0.497014699536909
"8110",0.5247,0.497014699536909
"8111",0.4506,0.497014699536909
"8112",0.4753,0.497014699536909
"8113",0.4506,0.497014699536909
"8114",0.5432,0.497014699536909
"8115",0.4506,0.497014699536909
"8116",0.5432,0.497014699536909
"8117",0.5123,0.497014699536909
"8118",0.5556,0.497014699536909
"8119",0.4506,0.497014699536909
"8120",0.4506,0.497015090196866
"8121",0.5432,0.497014699536909
"8122",0.5432,0.490977132686361
"8123",0.5432,0.497069419966184
"8124",0.5432,0.497014699536909
"8125",0.5432,0.497014699536909
"8126",0.5432,0.497014699536909
"8127",0.5247,0.497014699536909
"8128",0.5247,0.497014699536909
"8129",0.5247,0.497014699536909
"8130",0.4321,0.497014699536909
"8131",0.4321,0.497014699536909
"8132",0.4321,0.497014699536909
"8133",0.4877,0.497014699536909
"8134",0.6049,0.497014699536909
"8135",0.4691,0.497014699536909
"8136",0.4691,0.497014699536909
"8137",0.4691,0.490974039241686
"8138",0.4691,0.497014699536909
"8139",0.5123,0.497014699536909
"8140",0.4136,0.497014699536909
"8141",0.4136,0.497014699536909
"8142",0.4136,0.497014699536909
"8143",0.4877,0.497014699536909
"8144",0.4877,0.550670535456859
"8145",0.4136,0.497014699536909
"8146",0.5926,0.497014699536909
"8147",0.4136,0.497775271815909
"8148",0.5926,0.497525388221431
"8149",0.537,0.497014699536909
"8150",0.5432,0.497112167548523
"8151",0.4074,0.497014699536903
"8152",0.4877,0.497014699536909
"8153",0.4321,0.497014699536909
"8154",0.4877,0.497014699536909
"8155",0.4321,0.497014699536909
"8156",0.5062,0.497014699536909
"8157",0.4136,0.497014699536909
"8158",0.5556,0.497014699536909
"8159",0.4506,0.497014699536909
"8160",0.5926,0.497014699536909
"8161",0.4506,0.497014699536909
"8162",0.5926,0.497014699536909
"8163",0.4506,0.497014699536909
"8164",0.4877,0.497014699536909
"8165",0.5926,0.497014699536909
"8166",0.5926,0.497014699536909
"8167",0.3951,0.497014702192833
"8168",0.4691,0.497014699536909
"8169",0.4691,0.497014699536909
"8170",0.4691,0.490977320928684
"8171",0.5432,0.497014699536094
"8172",0.5556,0.497014699536909
"8173",0.5432,0.497014699536909
"8174",0.537,0.497014699536909
"8175",0.5062,0.497014699536909
"8176",0.5247,0.497014699536874
"8177",0.5247,0.497016471430151
"8178",0.5247,0.497014699536909
"8179",0.4506,0.497014699536909
"8180",0.4506,0.497014699536909
"8181",0.4506,0.497014699677807
"8182",0.5247,0.497014699536909
"8183",0.5494,0.497014699536909
"8184",0.6049,0.497014699536909
"8185",0.4877,0.497014699536554
"8186",0.6049,0.497014699536909
"8187",0.5247,0.497014699536909
"8188",0.6049,0.497014699536909
"8189",0.5247,0.497014699536909
"8190",0.5556,0.497014699536909
"8191",0.5123,0.497014699536909
"8192",0.4506,0.497014699536909
"8193",0.5123,0.497014699536909
"8194",0.4506,0.497014699536909
"8195",0.4877,0.497014699536909
"8196",0.4877,0.497014699536909
"8197",0.4691,0.497014699536909
"8198",0.4321,0.497014699536909
"8199",0.4321,0.497014699536909
"8200",0.4383,0.497014699536909
"8201",0.4506,0.497014699536909
"8202",0.4383,0.497014699536909
"8203",0.4506,0.497014699536909
"8204",0.5185,0.497014148850805
"8205",0.5185,0.497014699536909
"8206",0.6049,0.497014699536909
"8207",0.4753,0.497014699536909
"8208",0.537,0.497014698223271
"8209",0.5556,0.497014699535254
"8210",0.6049,0.497014699536909
"8211",0.4753,0.497014699536909
"8212",0.5062,0.497014699536909
"8213",0.537,0.497014699536909
"8214",0.4136,0.497014699536909
"8215",0.5556,0.497014699536909
"8216",0.4753,0.497014699536909
"8217",0.5556,0.497014699536909
"8218",0.4753,0.497014699536909
"8219",0.5432,0.497014699536909
"8220",0.5432,0.490978004996138
"8221",0.4506,0.500564881451773
"8222",0.4136,0.497014699536909
"8223",0.5432,0.497014699536909
"8224",0.5432,0.497014699536909
"8225",0.4753,0.497014699536909
"8226",0.4753,0.497029209067675
"8227",0.4753,0.497014699536909
"8228",0.5185,0.497014699536909
"8229",0.4753,0.497014699536909
"8230",0.5185,0.497014699536909
"8231",0.4753,0.497014699536909
"8232",0.5185,0.497014699536909
"8233",0.4753,0.497014699536909
"8234",0.5185,0.497014699536909
"8235",0.4753,0.497014699536909
"8236",0.5185,0.497014699536909
"8237",0.4753,0.497014699536909
"8238",0.5185,0.497014699546664
"8239",0.4753,0.497014699537742
"8240",0.5185,0.497070611322845
"8241",0.4753,0.497019479981245
"8242",0.4506,0.497014699536909
"8243",0.4753,0.497014699536909
"8244",0.5185,0.497014699536909
"8245",0.4136,0.497014699536909
"8246",0.5556,0.497014699536909
"8247",0.4136,0.497014699581073
"8248",0.5556,0.497014699533174
"8249",0.5926,0.497014699536909
"8250",0.4136,0.497014699536909
"8251",0.5432,0.497014699536909
"8252",0.4136,0.497014699536909
"8253",0.5432,0.497014699536909
"8254",0.4691,0.497014699536909
"8255",0.4691,0.497014699535881
"8256",0.5926,0.497014699536909
"8257",0.5926,0.497014699536909
"8258",0.4753,0.497014699536909
"8259",0.4753,0.497014699536909
"8260",0.4753,0.497014699536909
"8261",0.4321,0.497014699536909
"8262",0.3951,0.497014699536909
"8263",0.5926,0.497014699536909
"8264",0.4753,0.497014699536909
"8265",0.4321,0.497014699536909
"8266",0.4753,0.497014699536909
"8267",0.5432,0.497014699536909
"8268",0.6049,0.497014699536909
"8269",0.6049,0.497014699536909
"8270",0.5926,0.497014699536813
"8271",0.3951,0.497014699536909
"8272",0.5926,0.497014699536909
"8273",0.5432,0.497014699536909
"8274",0.4506,0.497014699536909
"8275",0.5432,0.497014699537104
"8276",0.4506,0.497014699536796
"8277",0.5926,0.497014699536909
"8278",0.4753,0.497014699536909
"8279",0.6049,0.497014699536909
"8280",0.4753,0.497014699536909
"8281",0.6049,0.497014699536909
"8282",0.5432,0.497014711340966
"8283",0.5123,0.497014699536909
"8284",0.4506,0.497014699536909
"8285",0.4074,0.497014699536909
"8286",0.4753,0.497014699536909
"8287",0.5556,0.497109374988493
"8288",0.5556,0.497014699536909
"8289",0.537,0.497014699536909
"8290",0.4506,0.497014699536909
"8291",0.5432,0.497014699536909
"8292",0.5185,0.497014699536909
"8293",0.4321,0.497014699536909
"8294",0.4321,0.497014699536909
"8295",0.4506,0.497014699536909
"8296",0.5247,0.497014699536909
"8297",0.5247,0.497014699536909
"8298",0.4506,0.497014699536909
"8299",0.5432,0.497014699536909
"8300",0.5185,0.497014699536909
"8301",0.5556,0.497014699536909
"8302",0.537,0.497014699536909
"8303",0.4506,0.497014699536909
"8304",0.5926,0.497014699536909
"8305",0.4383,0.497014699536909
"8306",0.4877,0.497014699536909
"8307",0.4877,0.497014699536909
"8308",0.5185,0.497014699536909
"8309",0.4877,0.497014699536909
"8310",0.4136,0.497014699536909
"8311",0.4136,0.497014699536909
"8312",0.4877,0.497140177878829
"8313",0.4877,0.497014699503141
"8314",0.3951,0.497014699536909
"8315",0.6049,0.497014699536909
"8316",0.3951,0.497040279401581
"8317",0.6049,0.497015704055877
"8318",0.4753,0.497014699536909
"8319",0.4321,0.497014699536909
"8320",0.5123,0.497014699536909
"8321",0.4877,0.497014699538126
"8322",0.4321,0.497014704591519
"8323",0.4506,0.497015685584805
"8324",0.5185,0.497014699536909
"8325",0.5926,0.497014699536909
"8326",0.5185,0.497014699771745
"8327",0.5926,0.49701469953947
"8328",0.5062,0.497014699536909
"8329",0.5926,0.497014699536909
"8330",0.4136,0.497014699536909
"8331",0.5123,0.497014699536909
"8332",0.5123,0.497014699536909
"8333",0.5123,0.497014699536909
"8334",0.5123,0.490977924627743
"8335",0.5123,0.489220574832236
"8336",0.5247,0.497014699536909
"8337",0.4321,0.497014699536909
"8338",0.4753,0.497014699536909
"8339",0.4877,0.497014699536909
"8340",0.4877,0.493744610559821
"8341",0.5926,0.497014699536909
"8342",0.5802,0.497014699536909
"8343",0.4321,0.497014699536909
"8344",0.6049,0.497014699536909
"8345",0.3951,0.497014699536909
"8346",0.3951,0.497014699536909
"8347",0.5556,0.514128516849477
"8348",0.4074,0.497014699536909
"8349",0.4753,0.497014699536909
"8350",0.4506,0.497014699536909
"8351",0.4753,0.497014699536909
"8352",0.4506,0.497014699536909
"8353",0.5802,0.497014699536927
"8354",0.5802,0.497014699536909
"8355",0.5802,0.497014699536909
"8356",0.5802,0.497014699536909
"8357",0.4383,0.497014699536909
"8358",0.4877,0.497014699536909
"8359",0.5432,0.497014699536909
"8360",0.4877,0.497014699536909
"8361",0.5432,0.497014699536909
"8362",0.4877,0.497014699536909
"8363",0.4877,0.497014699536909
"8364",0.5802,0.497014699536909
"8365",0.4506,0.490978005325386
"8366",0.4506,0.497014699536909
"8367",0.4506,0.497014699536909
"8368",0.4506,0.497014699536909
"8369",0.4506,0.497014699536909
"8370",0.4506,0.497014699536927
"8371",0.4506,0.497014699536909
"8372",0.4506,0.497014699536909
"8373",0.4753,0.497014699536909
"8374",0.4753,0.497014699536909
"8375",0.4321,0.497062686449785
"8376",0.5494,0.497014699536909
"8377",0.5123,0.497014699536909
"8378",0.5494,0.497014699536909
"8379",0.5123,0.497014699536909
"8380",0.5494,0.497014699536909
"8381",0.5123,0.497014699536909
"8382",0.5494,0.497014699536909
"8383",0.5123,0.497014699536909
"8384",0.4877,0.497014699536909
"8385",0.5802,0.497014699536909
"8386",0.5802,0.497014699536909
"8387",0.5494,0.497014699536909
"8388",0.4321,0.497014699536909
"8389",0.4877,0.497014699536909
"8390",0.4383,0.497014699536909
"8391",0.4506,0.49701486482214
"8392",0.4753,0.497014699536909
"8393",0.5494,0.497014699536909
"8394",0.4506,0.497014699536732
"8395",0.4321,0.497014699537109
"8396",0.4506,0.497014699536909
"8397",0.4321,0.497014699536909
"8398",0.5556,0.497124310060215
"8399",0.5556,0.497014699536909
"8400",0.4506,0.497014699536912
"8401",0.4506,0.497014699536909
"8402",0.4383,0.497014699536909
"8403",0.4506,0.497014699536909
"8404",0.4321,0.497014699536909
"8405",0.4691,0.497014699536897
"8406",0.4753,0.497014699536909
"8407",0.4506,0.497018535953991
"8408",0.5432,0.497014699536909
"8409",0.5432,0.497014699536909
"8410",0.5432,0.497014699536909
"8411",0.5432,0.497014699536909
"8412",0.5432,0.497014699536909
"8413",0.4691,0.497014699536909
"8414",0.5556,0.497014699536909
"8415",0.4506,0.497014699536909
"8416",0.5123,0.497014699463269
"8417",0.5556,0.497014699536909
"8418",0.4877,0.497014699536909
"8419",0.5926,0.497014699536909
"8420",0.5432,0.497014699536909
"8421",0.537,0.497014699536909
"8422",0.6049,0.514128516849477
"8423",0.5926,0.49701480597997
"8424",0.5247,0.497014904051444
"8425",0.5926,0.497014699536909
"8426",0.5247,0.497014699536909
"8427",0.5926,0.497014699536909
"8428",0.5247,0.497014699536909
"8429",0.5926,0.497014700105048
"8430",0.5247,0.497014700626766
"8431",0.5926,0.497014699536909
"8432",0.5247,0.497014699536909
"8433",0.5926,0.497016279771795
"8434",0.5247,0.497017735224576
"8435",0.5062,0.497014699536908
"8436",0.5185,0.497014699536909
"8437",0.4506,0.497014699536909
"8438",0.4506,0.497014699536948
"8439",0.5432,0.497014699536909
"8440",0.6049,0.497014699536909
"8441",0.4506,0.497014699536909
"8442",0.5926,0.497014699536909
"8443",0.4383,0.497014699536909
"8444",0.5926,0.496873664317644
"8445",0.4383,0.497017825899101
"8446",0.5926,0.497014699536909
"8447",0.4383,0.497014699536909
"8448",0.5926,0.497014699536909
"8449",0.4383,0.497014699536909
"8450",0.5062,0.497014699536909
"8451",0.5926,0.497014699536909
"8452",0.4136,0.497112167548523
"8453",0.4074,0.497014699536909
"8454",0.4074,0.497014699536909
"8455",0.4877,0.497014699536909
"8456",0.5185,0.497014699536909
"8457",0.5185,0.497014699536909
"8458",0.5556,0.523096766281409
"8459",0.4506,0.497014699536909
"8460",0.5185,0.497014699536909
"8461",0.4753,0.497014702153976
"8462",0.5926,0.497014699536909
"8463",0.537,0.497014699536909
"8464",0.4506,0.497014699536909
"8465",0.4074,0.497014699536909
"8466",0.4321,0.497014699536909
"8467",0.4136,0.497014699536909
"8468",0.4506,0.497014699536909
"8469",0.4321,0.497014699686071
"8470",0.4136,0.497014713668003
"8471",0.4506,0.497014690415165
"8472",0.4321,0.497014699536909
"8473",0.4136,0.497014699536909
"8474",0.4506,0.497014699536909
"8475",0.4321,0.497014699536909
"8476",0.5494,0.497014699536909
"8477",0.4321,0.497077946469459
"8478",0.5494,0.497014766095566
"8479",0.4383,0.497014699536909
"8480",0.3951,0.497014590638774
"8481",0.5802,0.497014699536909
"8482",0.6049,0.497014699536909
"8483",0.4136,0.497014699536909
"8484",0.4136,0.497014699536909
"8485",0.4136,0.497014699536938
"8486",0.5432,0.497014699536909
"8487",0.5802,0.497014699536909
"8488",0.4753,0.497014699536909
"8489",0.5556,0.497014699536909
"8490",0.4877,0.497014699536909
"8491",0.5247,0.497014809887561
"8492",0.4506,0.497014699536909
"8493",0.5062,0.497014699536909
"8494",0.4383,0.497014699536909
"8495",0.5432,0.497014699536909
"8496",0.5556,0.554654798669587
"8497",0.5556,0.49701469971438
"8498",0.5556,0.565010991543516
"8499",0.5556,0.497014699536909
"8500",0.4877,0.497014699536909
