,actual,prediction
6501,0.4321,0.5346275298
6502,0.5926,0.5596568364
6503,0.5185,0.5020460931
6504,0.4877,0.4845648396
6505,0.4074,0.4935320086
6506,0.4383,0.4995764334
6507,0.4383,0.5064189799
6508,0.5062,0.4871149623
6509,0.5062,0.4848371686
6510,0.5062,0.48523586
6511,0.5185,0.5025479952
6512,0.4074,0.5028392436
6513,0.4877,0.4958974141
6514,0.4506,0.4820552717
6515,0.4506,0.4853366092
6516,0.4506,0.4849828942
6517,0.5432,0.5080867276
6518,0.4753,0.4853517693
6519,0.5432,0.5065878443
6520,0.4753,0.4853874488
6521,0.5432,0.5085779773
6522,0.4753,0.4866917258
6523,0.5432,0.5147655595
6524,0.4753,0.4855206664
6525,0.5432,0.5059146435
6526,0.5926,0.5085036632
6527,0.537,0.4406834966
6528,0.537,0.4880457484
6529,0.537,0.489264606
6530,0.537,0.4896590887
6531,0.537,0.4880949343
6532,0.5432,0.5194805276
6533,0.6049,0.4846081094
6534,0.4383,0.4859965296
6535,0.4383,0.4878971272
6536,0.3951,0.4854815332
6537,0.4506,0.4848799668
6538,0.4877,0.4845279299
6539,0.4506,0.4869118597
6540,0.4877,0.4863665643
6541,0.4506,0.4868272249
6542,0.4877,0.4860272739
6543,0.4506,0.4851469768
6544,0.4877,0.4845591488
6545,0.4506,0.4851407492
6546,0.4877,0.484558418
6547,0.4506,0.4970280335
6548,0.4877,0.486795442
6549,0.4506,0.4864428367
6550,0.4877,0.4863120031
6551,0.4136,0.4969410979
6552,0.4691,0.4944392153
6553,0.5556,0.4983663348
6554,0.4753,0.5030350277
6555,0.5247,0.488446658
6556,0.4753,0.4900141273
6557,0.4753,0.5017268336
6558,0.5926,0.4922350546
6559,0.4383,0.5053929691
6560,0.5247,0.5381039063
6561,0.5062,0.5074306573
6562,0.4383,0.528052364
6563,0.4383,0.5074064819
6564,0.4506,0.4868443867
6565,0.4506,0.4846776673
6566,0.4506,0.4957412095
6567,0.4383,0.5072460055
6568,0.5926,0.5048544012
6569,0.5494,0.4945046632
6570,0.4074,0.5115780213
6571,0.4877,0.4950994354
6572,0.4074,0.4889664434
6573,0.4383,0.4796768358
6574,0.4506,0.4986214186
6575,0.5432,0.5012524643
6576,0.4691,0.5063820022
6577,0.5062,0.4987328216
6578,0.4691,0.5168527215
6579,0.5062,0.503806194
6580,0.4691,0.4919978928
6581,0.4691,0.5196795336
6582,0.4506,0.4861244547
6583,0.4321,0.4921440263
6584,0.4383,0.4977142289
6585,0.4877,0.5195075004
6586,0.537,0.4910180701
6587,0.6049,0.4927814431
6588,0.537,0.4856300069
6589,0.6049,0.4852118764
6590,0.537,0.4877357642
6591,0.6049,0.4854219843
6592,0.4753,0.4862291722
6593,0.5123,0.5029686718
6594,0.5494,0.5027159511
6595,0.5432,0.502830161
6596,0.4506,0.4860766494
6597,0.6049,0.498754437
6598,0.5432,0.5156125053
6599,0.4321,0.5097861768
6600,0.5802,0.4954740507
6601,0.5802,0.4891162475
6602,0.5802,0.4962850743
6603,0.5494,0.4914134015
6604,0.4383,0.4847940365
6605,0.4074,0.4845304345
6606,0.5556,0.4866906565
6607,0.5556,0.5195908511
6608,0.4506,0.4954732998
6609,0.5185,0.5017407182
6610,0.5247,0.5015073155
6611,0.5926,0.4864377294
6612,0.5247,0.5038949745
6613,0.5926,0.4868155332
6614,0.5247,0.5106399602
6615,0.5926,0.4971544704
6616,0.4753,0.4846571595
6617,0.5123,0.526320512
6618,0.5556,0.5463460153
6619,0.5556,0.5376621855
6620,0.3951,0.4864840713
6621,0.5494,0.490026198
6622,0.5432,0.484539347
6623,0.6049,0.5521268971
6624,0.6049,0.5454232718
6625,0.5432,0.4888490807
6626,0.5432,0.4889198527
6627,0.5432,0.4701449725
6628,0.4753,0.5031222011
6629,0.3951,0.4849376411
6630,0.6049,0.5472290993
6631,0.3951,0.4849084867
6632,0.6049,0.5471116303
6633,0.4877,0.4851082394
6634,0.4877,0.4957189942
6635,0.4877,0.4851107299
6636,0.4877,0.4851400143
6637,0.4877,0.4962410832
6638,0.4753,0.5014337124
6639,0.4506,0.5194805276
6640,0.537,0.516933052
6641,0.4753,0.4993883314
6642,0.4383,0.5016629724
6643,0.5185,0.4983637985
6644,0.4383,0.4957259824
6645,0.5185,0.4939331011
6646,0.4877,0.4979766018
6647,0.4506,0.4847249551
6648,0.5802,0.4871092983
6649,0.4506,0.4846330147
6650,0.5802,0.4861389369
6651,0.4877,0.5046175013
6652,0.6049,0.5150491989
6653,0.5556,0.544508512
6654,0.5556,0.545031525
6655,0.4383,0.4971253501
6656,0.4136,0.4851534088
6657,0.4383,0.4910547328
6658,0.4136,0.484796262
6659,0.4383,0.5019832179
6660,0.4136,0.4955846294
6661,0.4383,0.4924254422
6662,0.4136,0.4848705557
6663,0.4383,0.5034786285
6664,0.4136,0.4866872526
6665,0.4383,0.5019832179
6666,0.4136,0.4955846294
6667,0.5247,0.4973779398
6668,0.5556,0.4969037845
6669,0.4506,0.5007293054
6670,0.4321,0.4885258437
6671,0.4321,0.4887262582
6672,0.4753,0.505825813
6673,0.4753,0.4870529923
6674,0.5926,0.4877968288
6675,0.5926,0.5235531527
6676,0.5556,0.4889941245
6677,0.4383,0.4859437136
6678,0.4506,0.485224312
6679,0.4321,0.4872882694
6680,0.4506,0.4892543138
6681,0.4383,0.5188453709
6682,0.5123,0.5081901414
6683,0.4506,0.4922137404
6684,0.4506,0.4862222952
6685,0.5926,0.4889833665
6686,0.4877,0.4845083538
6687,0.5185,0.4880457461
6688,0.5185,0.4888181772
6689,0.5432,0.5366212319
6690,0.4383,0.511015228
6691,0.5432,0.5312538713
6692,0.4383,0.5040997939
6693,0.4074,0.4865360532
6694,0.3951,0.4925995285
6695,0.5556,0.5088532884
6696,0.4691,0.501209314
6697,0.4321,0.4965949746
6698,0.4074,0.4844827633
6699,0.537,0.4866478899
6700,0.3951,0.4851978384
6701,0.5432,0.4958013964
6702,0.5494,0.4944859092
6703,0.5926,0.5019187293
6704,0.4136,0.4957825776
6705,0.5247,0.4974805532
6706,0.5247,0.505255506
6707,0.5556,0.50284678
6708,0.4136,0.4858553443
6709,0.4136,0.4868522221
6710,0.4691,0.4952215022
6711,0.4691,0.4845420943
6712,0.5494,0.4922171742
6713,0.5494,0.492144834
6714,0.5494,0.4918654775
6715,0.4753,0.5006221784
6716,0.4321,0.5152561911
6717,0.5185,0.5003038753
6718,0.5062,0.4941100447
6719,0.4136,0.4959499196
6720,0.4321,0.5024120316
6721,0.4506,0.4999985266
6722,0.5926,0.4868983853
6723,0.5926,0.4883709604
6724,0.5926,0.5090517603
6725,0.4753,0.4915157938
6726,0.4506,0.4955082922
6727,0.5556,0.5075501613
6728,0.4321,0.4859170482
6729,0.4321,0.4855320277
6730,0.5432,0.48467111
6731,0.5494,0.4951872413
6732,0.5494,0.501984608
6733,0.5494,0.4875798825
6734,0.5556,0.4966877912
6735,0.3951,0.4853534193
6736,0.4753,0.4961013919
6737,0.4877,0.4847141243
6738,0.5494,0.5280858751
6739,0.5494,0.5031467841
6740,0.5494,0.534639891
6741,0.5432,0.4938830939
6742,0.6049,0.4957560734
6743,0.4753,0.4845835595
6744,0.4877,0.5204670404
6745,0.4691,0.5016927057
6746,0.5432,0.5065353538
6747,0.4691,0.4865981733
6748,0.5432,0.4928865464
6749,0.4321,0.4947930419
6750,0.4321,0.4920358976
6751,0.5802,0.4903411277
6752,0.4321,0.5004989072
6753,0.5802,0.4955679892
6754,0.4321,0.4959018462
6755,0.4753,0.4846218491
6756,0.4321,0.4954604707
6757,0.4753,0.4846153446
6758,0.4136,0.5108722515
6759,0.5802,0.5041786621
6760,0.6049,0.5018749766
6761,0.4691,0.4947829525
6762,0.5556,0.4863918396
6763,0.4383,0.4845333143
6764,0.5556,0.4860403637
6765,0.4383,0.4845236074
6766,0.5556,0.4864181559
6767,0.4383,0.4845340453
6768,0.5556,0.4873267702
6769,0.4383,0.4845092499
6770,0.5432,0.5058236468
6771,0.5802,0.5217297396
6772,0.5432,0.5110296308
6773,0.5247,0.503274303
6774,0.6049,0.4887442577
6775,0.5494,0.5104334342
6776,0.5926,0.5009275033
6777,0.5556,0.5010983429
6778,0.5556,0.4957862382
6779,0.5556,0.4915963122
6780,0.4074,0.5030469729
6781,0.4074,0.5026834874
6782,0.4074,0.5017044526
6783,0.4691,0.4850161395
6784,0.4074,0.4957068621
6785,0.4074,0.4874927608
6786,0.4074,0.4882935087
6787,0.4074,0.4873132019
6788,0.5432,0.4872409998
6789,0.5185,0.5040333783
6790,0.4506,0.4978434472
6791,0.4506,0.486148753
6792,0.5432,0.5583637786
6793,0.4877,0.5029583278
6794,0.4321,0.4905677007
6795,0.4136,0.4925444127
6796,0.5926,0.5089827103
6797,0.5926,0.4908906165
6798,0.4877,0.5313035639
6799,0.5432,0.5024338888
6800,0.4877,0.5364756428
6801,0.5432,0.5066521806
6802,0.5062,0.5202014687
6803,0.5556,0.5016058184
6804,0.5494,0.5024038265
6805,0.4506,0.488485309
6806,0.5926,0.485809917
6807,0.4506,0.485838041
6808,0.5926,0.4849190002
6809,0.5432,0.4849682506
6810,0.4321,0.4910710515
6811,0.4321,0.4866062461
6812,0.4321,0.5065976609
6813,0.4321,0.4889464593
6814,0.4506,0.4954655821
6815,0.4877,0.4849324904
6816,0.4753,0.4851657374
6817,0.5123,0.5024003346
6818,0.6049,0.5524068471
6819,0.3951,0.495419495
6820,0.4074,0.4854422491
6821,0.4383,0.4958691415
6822,0.4321,0.5038880702
6823,0.3951,0.4950067022
6824,0.4877,0.4903321574
6825,0.4691,0.4992846873
6826,0.4753,0.4865233063
6827,0.537,0.4903186309
6828,0.4753,0.4856773453
6829,0.537,0.4879878223
6830,0.5556,0.5092265929
6831,0.5556,0.498353876
6832,0.5556,0.5011784642
6833,0.5556,0.4968175898
6834,0.4753,0.503294356
6835,0.5926,0.4922296389
6836,0.4753,0.4846359993
6837,0.5926,0.508477002
6838,0.6049,0.5050836518
6839,0.5123,0.4880977346
6840,0.5123,0.4894587208
6841,0.5123,0.4870508012
6842,0.4691,0.497202057
6843,0.5247,0.4851739622
6844,0.4074,0.5294889796
6845,0.5123,0.4943913809
6846,0.4506,0.5113924672
6847,0.4753,0.5396223892
6848,0.4753,0.4874897927
6849,0.4753,0.4862794844
6850,0.5926,0.4851072661
6851,0.5432,0.486621694
6852,0.5432,0.4849667409
6853,0.5802,0.4955330382
6854,0.4321,0.4894395913
6855,0.5432,0.5347537328
6856,0.5432,0.4998243383
6857,0.4383,0.4944566872
6858,0.4506,0.4844866124
6859,0.4383,0.5018050173
6860,0.4506,0.4844912408
6861,0.4877,0.4972274751
6862,0.4877,0.4877859787
6863,0.4321,0.5063319099
6864,0.4506,0.4949773013
6865,0.5494,0.4913651723
6866,0.4506,0.5049507629
6867,0.5494,0.4961588467
6868,0.4321,0.5455016213
6869,0.5123,0.5122496958
6870,0.4383,0.4845558197
6871,0.5185,0.4845962235
6872,0.4383,0.484554741
6873,0.5185,0.4845945571
6874,0.4383,0.4845296787
6875,0.5185,0.4845558301
6876,0.4877,0.5245106261
6877,0.4877,0.5123863255
6878,0.4321,0.5073485289
6879,0.5494,0.4960452312
6880,0.5432,0.4886190822
6881,0.5432,0.5082664161
6882,0.5432,0.4876601309
6883,0.5062,0.5100196451
6884,0.4506,0.4851823218
6885,0.5432,0.4853727706
6886,0.4506,0.4866731355
6887,0.5432,0.4849651032
6888,0.4506,0.4958905117
6889,0.5432,0.4952515437
6890,0.5432,0.5195075004
6891,0.4753,0.505920707
6892,0.5432,0.4852724021
6893,0.5432,0.4951408948
6894,0.5494,0.4909373439
6895,0.4753,0.4925339982
6896,0.4506,0.5232355572
6897,0.4877,0.4952053606
6898,0.4136,0.5000951614
6899,0.5802,0.5026147657
6900,0.537,0.4977790439
6901,0.5802,0.4868037497
6902,0.5556,0.4867086384
6903,0.5556,0.4877435962
6904,0.5556,0.4954727939
6905,0.5185,0.4904346779
6906,0.4691,0.4943284322
6907,0.4691,0.4844888658
6908,0.5123,0.528760027
6909,0.5123,0.5227931435
6910,0.4753,0.4845838626
6911,0.4753,0.4848143717
6912,0.5494,0.5103188263
6913,0.4321,0.4898122989
6914,0.4321,0.4890175411
6915,0.4321,0.5018174673
6916,0.4321,0.4957425347
6917,0.4383,0.5195908511
6918,0.4753,0.4850172828
6919,0.5926,0.4852298573
6920,0.5926,0.4865768663
6921,0.5062,0.4871528802
6922,0.5802,0.5090504561
6923,0.5802,0.4917862809
6924,0.3951,0.4787945898
6925,0.3951,0.4886158467
6926,0.3951,0.4986590215
6927,0.4877,0.50047583
6928,0.5062,0.4878883579
6929,0.4753,0.4844942639
6930,0.5062,0.4887713217
6931,0.4753,0.4863129541
6932,0.5062,0.4943631677
6933,0.4753,0.4862329094
6934,0.4877,0.4985014295
6935,0.5556,0.4944509144
6936,0.4877,0.4935342774
6937,0.4321,0.5064580516
6938,0.4877,0.4941199521
6939,0.4321,0.4929540206
6940,0.537,0.483483082
6941,0.5802,0.484524349
6942,0.4136,0.5084427289
6943,0.4321,0.4999105591
6944,0.4136,0.5027159511
6945,0.4753,0.4853678495
6946,0.4321,0.496344923
6947,0.4136,0.4881818507
6948,0.4321,0.511044372
6949,0.5062,0.4846217515
6950,0.5802,0.4848231243
6951,0.5062,0.4950748189
6952,0.5802,0.4880538921
6953,0.5802,0.4866776198
6954,0.5802,0.4997811652
6955,0.5802,0.4972196561
6956,0.4753,0.5198285972
6957,0.4136,0.4984545196
6958,0.5494,0.5072460055
6959,0.5926,0.4849379315
6960,0.5926,0.5034493126
6961,0.5926,0.4942773423
6962,0.5926,0.4917902246
6963,0.5926,0.5011488771
6964,0.5926,0.4919034958
6965,0.4074,0.4869834881
6966,0.4877,0.4879119518
6967,0.4877,0.4979376293
6968,0.4877,0.4888720159
6969,0.4321,0.4849064467
6970,0.4506,0.4896720616
6971,0.4877,0.4844876609
6972,0.4753,0.4863348397
6973,0.4321,0.4993925033
6974,0.5556,0.4983615841
6975,0.4753,0.5014786673
6976,0.4753,0.4901745612
6977,0.4753,0.4906600119
6978,0.4753,0.4978744106
6979,0.4753,0.4992028483
6980,0.4321,0.4895330027
6981,0.4506,0.5189866865
6982,0.4691,0.4853672499
6983,0.5432,0.5003148923
6984,0.5185,0.4993862249
6985,0.4691,0.4847237014
6986,0.5432,0.4925384426
6987,0.5185,0.4941240556
6988,0.4691,0.4828781052
6989,0.5432,0.5025541736
6990,0.5185,0.5195908511
6991,0.4753,0.4852982138
6992,0.5123,0.4920271559
6993,0.5123,0.4931577884
6994,0.4506,0.4867134255
6995,0.4506,0.4864085471
6996,0.5926,0.4901185486
6997,0.5926,0.4906811567
6998,0.5926,0.4878711134
6999,0.5926,0.4877342867
7000,0.537,0.4845651754
7001,0.4753,0.4853924252
7002,0.537,0.4845085803
7003,0.4753,0.4847768625
7004,0.537,0.48634489
7005,0.4753,0.4868393226
7006,0.537,0.4863561739
7007,0.4753,0.4800680876
7008,0.537,0.484545672
7009,0.4753,0.4851815037
7010,0.537,0.4848419056
7011,0.4753,0.4847918819
7012,0.4136,0.4994134748
7013,0.5494,0.4957342172
7014,0.4136,0.4979911855
7015,0.5494,0.4960676513
7016,0.4691,0.4931136547
7017,0.4691,0.5002566365
7018,0.4877,0.5357838008
7019,0.5556,0.5096829788
7020,0.6049,0.4950367877
7021,0.5432,0.4951103631
7022,0.5802,0.4884121824
7023,0.4074,0.4871469006
7024,0.6049,0.501226568
7025,0.5432,0.4973293004
7026,0.6049,0.5042625119
7027,0.5432,0.4953532514
7028,0.4321,0.5036314452
7029,0.4506,0.4911428314
7030,0.5432,0.4889658074
7031,0.4321,0.4846472807
7032,0.5432,0.4919841123
7033,0.5432,0.4906352023
7034,0.4321,0.4846607894
7035,0.5432,0.494586798
7036,0.5432,0.4901849066
7037,0.4321,0.4846464636
7038,0.5432,0.4938938066
7039,0.537,0.5074960426
7040,0.4753,0.486859804
7041,0.5062,0.4848169539
7042,0.4506,0.4890905025
7043,0.4506,0.487804709
7044,0.4506,0.4880545722
7045,0.4753,0.499424884
7046,0.4506,0.4856996232
7047,0.5556,0.4983413248
7048,0.5556,0.5356823019
7049,0.5432,0.4994933941
7050,0.5556,0.4969942162
7051,0.4506,0.484812718
7052,0.4506,0.4854960836
7053,0.4506,0.48521452
7054,0.4506,0.4960962366
7055,0.4506,0.4867741722
7056,0.4506,0.5044160939
7057,0.5802,0.4986236051
7058,0.5185,0.5192228095
7059,0.5062,0.484738841
7060,0.4877,0.4871570129
7061,0.5926,0.4941911486
7062,0.4877,0.4849507514
7063,0.4753,0.487174466
7064,0.5062,0.5118449659
7065,0.5062,0.5051990171
7066,0.5432,0.5067019747
7067,0.4136,0.4964898373
7068,0.4877,0.4956358106
7069,0.5123,0.4844969983
7070,0.5494,0.5484880155
7071,0.4321,0.4981519199
7072,0.4506,0.4785672451
7073,0.4506,0.4980234892
7074,0.537,0.4875922768
7075,0.5123,0.48450549
7076,0.537,0.4893934392
7077,0.5123,0.4848781903
7078,0.4136,0.4936949419
7079,0.5247,0.4853241737
7080,0.4136,0.4893537076
7081,0.5247,0.4848081351
7082,0.4136,0.496184415
7083,0.5247,0.4859090439
7084,0.4136,0.5102144754
7085,0.5247,0.4971400795
7086,0.4136,0.4993815132
7087,0.5247,0.4958965193
7088,0.5062,0.4844836674
7089,0.5123,0.4844873694
7090,0.4753,0.4939509575
7091,0.4753,0.4915728441
7092,0.4877,0.5053997908
7093,0.5123,0.4871454206
7094,0.5123,0.4861960584
7095,0.3951,0.5404661506
7096,0.4753,0.5001164794
7097,0.4383,0.4891639145
7098,0.5432,0.4875751921
7099,0.4383,0.487234566
7100,0.5432,0.4862809132
7101,0.5247,0.5141082604
7102,0.5062,0.5161631358
7103,0.5062,0.5127182405
7104,0.5062,0.489549125
7105,0.5062,0.4867536186
7106,0.5432,0.4988292815
7107,0.5802,0.54418877
7108,0.5556,0.5040025866
7109,0.5556,0.496115991
7110,0.4074,0.4924863424
7111,0.5926,0.4850618144
7112,0.4321,0.5089099911
7113,0.4321,0.4891138732
7114,0.4321,0.4875891243
7115,0.4321,0.4976259339
7116,0.4321,0.4886800401
7117,0.5556,0.4866512248
7118,0.5926,0.494857513
7119,0.4506,0.5164115033
7120,0.5494,0.5350243322
7121,0.5802,0.4913865326
7122,0.5494,0.532516173
7123,0.5062,0.4889911988
7124,0.5123,0.4886434854
7125,0.3951,0.4845480216
7126,0.4877,0.4859053057
7127,0.4877,0.4856103455
7128,0.4877,0.4966057746
7129,0.4877,0.4930135586
7130,0.4877,0.5030583879
7131,0.4753,0.4905101962
7132,0.4753,0.4977761232
7133,0.5123,0.5116166173
7134,0.5432,0.5000707673
7135,0.6049,0.4957282117
7136,0.6049,0.4851795763
7137,0.6049,0.4871686855
7138,0.6049,0.4852272488
7139,0.6049,0.4879633341
7140,0.5556,0.4967402697
7141,0.5185,0.4903390343
7142,0.5432,0.5092749725
7143,0.4753,0.4948934133
7144,0.3951,0.4937865877
7145,0.3951,0.5032365728
7146,0.3951,0.4964776089
7147,0.5802,0.4855105033
7148,0.5556,0.4852224909
7149,0.5432,0.4918290404
7150,0.6049,0.4985031291
7151,0.5432,0.4985152264
7152,0.6049,0.5030087151
7153,0.4506,0.5090132336
7154,0.4321,0.4874322502
7155,0.6049,0.5195075004
7156,0.5802,0.4917718999
7157,0.4506,0.5012406765
7158,0.4321,0.5000238373
7159,0.5926,0.5027369231
7160,0.5494,0.4938460154
7161,0.5432,0.4733531384
7162,0.4753,0.5129840032
7163,0.4321,0.4846851286
7164,0.4321,0.4955569781
7165,0.4321,0.4864016412
7166,0.4506,0.5014246562
7167,0.4753,0.4875270689
7168,0.5247,0.5032309376
7169,0.3951,0.5108089106
7170,0.4753,0.4854979804
7171,0.5926,0.4882247237
7172,0.4877,0.4976105788
7173,0.4506,0.4844988399
7174,0.4691,0.4897885224
7175,0.6049,0.4884482401
7176,0.4506,0.4852008264
7177,0.5432,0.4942942947
7178,0.4506,0.4850100277
7179,0.5432,0.4919726947
7180,0.4753,0.488154551
7181,0.4753,0.4932492884
7182,0.4691,0.4849404569
7183,0.5123,0.4955427653
7184,0.4877,0.4847576328
7185,0.5556,0.4946139035
7186,0.5926,0.4919497703
7187,0.5802,0.4851569028
7188,0.5926,0.4850282325
7189,0.4321,0.4966165225
7190,0.5432,0.4960259507
7191,0.5432,0.5000814014
7192,0.5432,0.4965324175
7193,0.5432,0.4907304763
7194,0.4136,0.4954296378
7195,0.3951,0.4843291187
7196,0.537,0.48638827
7197,0.537,0.486344478
7198,0.4383,0.4849062756
7199,0.4753,0.5024538985
7200,0.4074,0.5005298014
7201,0.5494,0.4853049268
7202,0.4753,0.4865777503
7203,0.5185,0.4875598434
7204,0.4753,0.4852111379
7205,0.5185,0.4876676177
7206,0.4753,0.4851574307
7207,0.5185,0.4874413724
7208,0.4753,0.4850125667
7209,0.4753,0.4889721986
7210,0.4691,0.4937612749
7211,0.4753,0.4936735428
7212,0.4383,0.4959398491
7213,0.5062,0.4856424418
7214,0.4506,0.4847165442
7215,0.5123,0.494977517
7216,0.5494,0.495338289
7217,0.5123,0.4953350837
7218,0.5494,0.4956896727
7219,0.4506,0.4886243563
7220,0.4506,0.4866336425
7221,0.4506,0.4896018215
7222,0.4321,0.488262143
7223,0.4753,0.4952745104
7224,0.4321,0.5221338579
7225,0.4753,0.4850231497
7226,0.4321,0.4900937833
7227,0.4753,0.485262893
7228,0.4321,0.4870050904
7229,0.4753,0.4850176551
7230,0.4321,0.4870592279
7231,0.4753,0.4850295268
7232,0.4321,0.5009036531
7233,0.4753,0.4849278435
7234,0.537,0.5014020867
7235,0.4074,0.4860063923
7236,0.4877,0.4849421858
7237,0.5062,0.4880089653
7238,0.5062,0.4887043117
7239,0.5062,0.4863749004
7240,0.5062,0.4853058846
7241,0.4383,0.5078713529
7242,0.4383,0.4946434747
7243,0.4383,0.4903578432
7244,0.4383,0.4895999705
7245,0.5494,0.5087564237
7246,0.6049,0.4941814998
7247,0.4321,0.500940863
7248,0.4321,0.4870011998
7249,0.5432,0.4940976861
7250,0.4877,0.4996626172
7251,0.4321,0.4900223012
7252,0.5432,0.5032963152
7253,0.5432,0.4901120233
7254,0.5432,0.4982076565
7255,0.3951,0.4960305092
7256,0.3951,0.4902105178
7257,0.4506,0.4867330415
7258,0.6049,0.4964898373
7259,0.5185,0.506354926
7260,0.5926,0.4850104786
7261,0.4321,0.4878946572
7262,0.5556,0.4908901872
7263,0.5432,0.5045606284
7264,0.4136,0.491865952
7265,0.5494,0.5087437339
7266,0.4506,0.5035975875
7267,0.5556,0.5369549767
7268,0.4691,0.4863696594
7269,0.4383,0.4892268428
7270,0.4383,0.4939376793
7271,0.4383,0.4921673662
7272,0.4383,0.4938866846
7273,0.4383,0.4951034612
7274,0.5247,0.4845868918
7275,0.4691,0.5091736469
7276,0.5494,0.4951192673
7277,0.5247,0.4925888732
7278,0.4506,0.5073879805
7279,0.5802,0.5145299533
7280,0.3951,0.5194805276
7281,0.5432,0.4846429905
7282,0.5432,0.4945125831
7283,0.5185,0.4927761541
7284,0.5432,0.5090850177
7285,0.5185,0.505109263
7286,0.5432,0.4835441166
7287,0.4321,0.4941380079
7288,0.4753,0.4846050207
7289,0.5926,0.4859207722
7290,0.4753,0.4846795385
7291,0.5926,0.4867629364
7292,0.5556,0.5236617764
7293,0.5926,0.4920935946
7294,0.5123,0.4944206528
7295,0.6049,0.5196963873
7296,0.6049,0.4892797446
7297,0.5494,0.486784267
7298,0.6049,0.489126637
7299,0.5494,0.4867587421
7300,0.6049,0.4872079977
7301,0.5494,0.4849276944
7302,0.6049,0.4910728795
7303,0.5494,0.4848290116
7304,0.3951,0.4913514218
7305,0.5494,0.4947287353
7306,0.4136,0.5025479952
7307,0.5432,0.4846074643
7308,0.5432,0.4952723834
7309,0.5432,0.4845862334
7310,0.5432,0.4937064918
7311,0.5432,0.484580223
7312,0.5432,0.4950416559
7313,0.537,0.496039955
7314,0.5123,0.4845109065
7315,0.5556,0.4982631041
7316,0.537,0.4845469573
7317,0.5556,0.4932848028
7318,0.537,0.484519732
7319,0.3951,0.4876745451
7320,0.4506,0.4849757061
7321,0.4877,0.4981015131
7322,0.5802,0.5020863792
7323,0.5123,0.4992933852
7324,0.5432,0.5142582309
7325,0.5556,0.5165174395
7326,0.5123,0.496717915
7327,0.5062,0.4954912971
7328,0.5123,0.4952092939
7329,0.5062,0.4840108696
7330,0.5123,0.4979912845
7331,0.4753,0.5014900314
7332,0.4753,0.4910500088
7333,0.6049,0.5068560678
7334,0.5185,0.4854454451
7335,0.4506,0.4884289979
7336,0.6049,0.4857822291
7337,0.5926,0.4981630409
7338,0.4877,0.4955976798
7339,0.4877,0.4849771327
7340,0.5123,0.5469251931
7341,0.5247,0.4844909562
7342,0.5247,0.4862022118
7343,0.5247,0.4845328673
7344,0.4506,0.4886922793
7345,0.5432,0.4842482687
7346,0.5556,0.4936012119
7347,0.5432,0.5073115125
7348,0.5556,0.4922991724
7349,0.5185,0.4872710111
7350,0.4383,0.4845689975
7351,0.5926,0.5164830103
7352,0.5185,0.4884480347
7353,0.4383,0.4845484356
7354,0.5926,0.5121659379
7355,0.5185,0.4985633326
7356,0.4383,0.486312895
7357,0.5926,0.5217383599
7358,0.5185,0.4966211739
7359,0.4383,0.4863287678
7360,0.5926,0.5060936717
7361,0.5185,0.4868099885
7362,0.4383,0.4844987968
7363,0.5926,0.534214938
7364,0.5185,0.4860860887
7365,0.4383,0.4845310423
7366,0.5926,0.5075109288
7367,0.5185,0.49768471
7368,0.4383,0.4838127804
7369,0.5926,0.5144470472
7370,0.5185,0.4872336437
7371,0.4383,0.4845244345
7372,0.5926,0.5054199983
7373,0.5185,0.4877405043
7374,0.4383,0.4849029461
7375,0.5926,0.5077515107
7376,0.5185,0.4966226725
7377,0.4383,0.4863262214
7378,0.5926,0.5046251686
7379,0.4321,0.4899651234
7380,0.4753,0.5241309815
7381,0.4506,0.4869477946
7382,0.5926,0.52117813
7383,0.4753,0.4978894501
7384,0.4753,0.4898956939
7385,0.537,0.4919614222
7386,0.5926,0.488576765
7387,0.5926,0.5013745932
7388,0.5926,0.4866117203
7389,0.5494,0.5195075004
7390,0.4753,0.4995843161
7391,0.4074,0.4851748928
7392,0.4074,0.4958471592
7393,0.4506,0.4865937274
7394,0.4753,0.4941135562
7395,0.5123,0.4968564589
7396,0.5123,0.4942210659
7397,0.5123,0.496038577
7398,0.5432,0.4954732072
7399,0.5185,0.5062040128
7400,0.5556,0.4990605762
7401,0.5556,0.5069880344
7402,0.5556,0.5002557929
7403,0.5556,0.5021607377
7404,0.5556,0.4845607903
7405,0.4383,0.4855243035
7406,0.5556,0.4845570101
7407,0.4383,0.4854751207
7408,0.5802,0.5134649065
7409,0.6049,0.5336131412
7410,0.4506,0.4845556564
7411,0.4753,0.4857622768
7412,0.5802,0.4848882954
7413,0.4321,0.5098634277
7414,0.5432,0.515129868
7415,0.4753,0.4869572919
7416,0.3951,0.4846558704
7417,0.4877,0.5078010498
7418,0.5556,0.5443960242
7419,0.5062,0.5125831302
7420,0.5247,0.4904845711
7421,0.4136,0.5049865573
7422,0.4136,0.5026009947
7423,0.5247,0.4977861333
7424,0.5556,0.50270446
7425,0.5926,0.5482935512
7426,0.4753,0.4846106788
7427,0.6049,0.4920495448
7428,0.4506,0.4852529706
7429,0.5432,0.4983951132
7430,0.5123,0.5122496958
7431,0.5247,0.4857039857
7432,0.5556,0.4864142073
7433,0.5123,0.4852057969
7434,0.5247,0.4312233171
7435,0.5556,0.4860679364
7436,0.5123,0.4871310821
7437,0.5247,0.4261074186
7438,0.5556,0.4860367783
7439,0.5123,0.4855757589
7440,0.4136,0.5282797091
7441,0.5556,0.4942157566
7442,0.5556,0.4910469051
7443,0.5123,0.4914523856
7444,0.5494,0.4860246055
7445,0.5123,0.4895927242
7446,0.5494,0.4855853657
7447,0.4321,0.4852402607
7448,0.4321,0.4850611202
7449,0.5556,0.503060645
7450,0.4321,0.4845446521
7451,0.5185,0.500135811
7452,0.4383,0.5002290122
7453,0.5556,0.4855191632
7454,0.4383,0.4914081163
7455,0.5556,0.4848723892
7456,0.5432,0.4988032397
7457,0.4877,0.491740184
7458,0.4877,0.486311838
7459,0.4506,0.4852478059
7460,0.3951,0.4852238509
7461,0.5432,0.4865720408
7462,0.5432,0.4851938516
7463,0.4753,0.4848872197
7464,0.4877,0.5180546233
7465,0.5926,0.53401297
7466,0.4877,0.4850471268
7467,0.4691,0.4854495075
7468,0.4383,0.4869216247
7469,0.5123,0.4852445032
7470,0.5123,0.4856457744
7471,0.4383,0.4993677705
7472,0.5802,0.492922563
7473,0.4691,0.4899493888
7474,0.6049,0.4970700754
7475,0.5185,0.4970700754
7476,0.6049,0.4956176298
7477,0.6049,0.5195075004
7478,0.5185,0.5195075004
7479,0.6049,0.5057319553
7480,0.6049,0.4962240697
7481,0.5185,0.4962240697
7482,0.6049,0.4972501787
7483,0.4691,0.5066564322
7484,0.5247,0.4975361333
7485,0.4506,0.4851710107
7486,0.4506,0.5063313536
7487,0.4074,0.4994411199
7488,0.4074,0.5027001207
7489,0.4074,0.4919248353
7490,0.4074,0.4994411199
7491,0.537,0.505207588
7492,0.5926,0.4858544422
7493,0.5185,0.5195908511
7494,0.4383,0.4927788874
7495,0.5432,0.4914028848
7496,0.4383,0.4943547821
7497,0.5432,0.4927557637
7498,0.4136,0.4948172321
7499,0.5432,0.4853676248
7500,0.4506,0.5195908511
7501,0.5123,0.4997486038
7502,0.5432,0.4949078981
7503,0.4506,0.4904430522
7504,0.5432,0.4847043753
7505,0.4753,0.4850003618
7506,0.5926,0.4850443721
7507,0.5556,0.4969937142
7508,0.5432,0.4845898883
7509,0.4074,0.4948772409
7510,0.5062,0.4850127114
7511,0.5926,0.4844997258
7512,0.4753,0.4952391778
7513,0.4753,0.527473201
7514,0.5432,0.5072215979
7515,0.4506,0.4848056404
7516,0.4074,0.4986223106
7517,0.5926,0.5286706491
7518,0.5123,0.5068862442
7519,0.5247,0.4957672783
7520,0.5432,0.5075927
7521,0.4753,0.488131903
7522,0.4753,0.4861180534
7523,0.4753,0.4869869064
7524,0.4753,0.4869607774
7525,0.4753,0.4857118422
7526,0.5062,0.4945833054
7527,0.5062,0.5168428302
7528,0.4691,0.4855053849
7529,0.4753,0.4994265131
7530,0.537,0.4943329726
7531,0.4691,0.4846140139
7532,0.4691,0.4846189208
7533,0.4074,0.484828973
7534,0.5556,0.485944757
7535,0.5556,0.4850176809
7536,0.5926,0.4850448919
7537,0.5432,0.5004517696
7538,0.5802,0.4958291833
7539,0.5062,0.489118994
7540,0.5062,0.4983974807
7541,0.5062,0.5009940537
7542,0.5556,0.4996128042
7543,0.4506,0.4938295333
7544,0.5494,0.4959719681
7545,0.4753,0.4844822467
7546,0.4321,0.4849585499
7547,0.4753,0.4844823418
7548,0.4321,0.4850588508
7549,0.5926,0.5007934773
7550,0.5926,0.4960843835
7551,0.5494,0.5116734917
7552,0.4753,0.4897720171
7553,0.6049,0.5063326231
7554,0.3951,0.5000154258
7555,0.4691,0.5050933326
7556,0.3951,0.4849715245
7557,0.3951,0.4847963935
7558,0.5432,0.4956935649
7559,0.5556,0.5000243589
7560,0.4074,0.5039437997
7561,0.4321,0.4958744602
7562,0.4506,0.5058752195
7563,0.5556,0.4900900573
7564,0.4136,0.4921648599
7565,0.5432,0.4854489132
7566,0.5432,0.4873139784
7567,0.4136,0.5072108432
7568,0.5432,0.511280753
7569,0.5556,0.5166611031
7570,0.5556,0.510735066
7571,0.4074,0.4932564969
7572,0.5247,0.4924766115
7573,0.5556,0.4941323645
7574,0.5247,0.4949214089
7575,0.5556,0.4969717996
7576,0.4321,0.5413930947
7577,0.5123,0.4901562845
7578,0.4321,0.5421004036
7579,0.5123,0.4907525858
7580,0.4753,0.4849963316
7581,0.4877,0.491181658
7582,0.5926,0.4988013844
7583,0.5926,0.5085488477
7584,0.4074,0.4846312044
7585,0.4321,0.5175483216
7586,0.537,0.5008811265
7587,0.5494,0.4873158227
7588,0.4506,0.4889592344
7589,0.5123,0.4974066878
7590,0.4506,0.4910564209
7591,0.5123,0.4981870021
7592,0.4506,0.4879311154
7593,0.5123,0.4948374588
7594,0.4506,0.4887197862
7595,0.5123,0.5394084465
7596,0.4753,0.48714343
7597,0.4321,0.4960338782
7598,0.5432,0.4922058326
7599,0.5247,0.4914042792
7600,0.4074,0.5048425548
7601,0.4074,0.4788861109
7602,0.5185,0.4974534631
7603,0.5185,0.5176812426
7604,0.5556,0.4980239493
7605,0.3951,0.4848366274
7606,0.5185,0.4989956163
7607,0.3951,0.4848355634
7608,0.5185,0.4989616449
7609,0.5556,0.4944721202
7610,0.5432,0.5162853381
7611,0.4136,0.5116734917
7612,0.6049,0.5047284197
7613,0.6049,0.4950681975
7614,0.6049,0.4933981993
7615,0.5926,0.4999325938
7616,0.4753,0.5057401488
7617,0.4753,0.4925116639
7618,0.5123,0.5004259126
7619,0.4321,0.4971236748
7620,0.4074,0.4873439774
7621,0.5926,0.4860090758
7622,0.4753,0.4930380517
7623,0.4753,0.4900581881
7624,0.537,0.5041101668
7625,0.5926,0.5058092097
7626,0.4877,0.4967765947
7627,0.5432,0.5082106679
7628,0.4136,0.5039672594
7629,0.5432,0.4985927476
7630,0.5432,0.4999704977
7631,0.5556,0.5145692425
7632,0.4691,0.5246477154
7633,0.4383,0.4954798515
7634,0.4383,0.4846349222
7635,0.4136,0.4901754363
7636,0.3951,0.4849979702
7637,0.4383,0.5016930432
7638,0.5926,0.4961646772
7639,0.4383,0.5022981788
7640,0.5926,0.4975133724
7641,0.537,0.4910816396
7642,0.537,0.5006187776
7643,0.537,0.499024093
7644,0.5185,0.5122496958
7645,0.5556,0.4982157078
7646,0.5556,0.4936882437
7647,0.5432,0.4852410382
7648,0.5123,0.4941565049
7649,0.5432,0.4895187191
7650,0.5123,0.5113125103
7651,0.5432,0.4928343201
7652,0.4321,0.4968060514
7653,0.5432,0.4901074413
7654,0.4321,0.4928046432
7655,0.4877,0.4870062757
7656,0.5185,0.4976820206
7657,0.4753,0.4845576156
7658,0.5556,0.497752511
7659,0.5556,0.4889990271
7660,0.537,0.4723929884
7661,0.3951,0.4906577197
7662,0.4877,0.4850990402
7663,0.4753,0.491073199
7664,0.4753,0.4958829285
7665,0.5926,0.4857431689
7666,0.5926,0.487417381
7667,0.4074,0.4868001433
7668,0.4321,0.4852550923
7669,0.537,0.4846197585
7670,0.4321,0.4849228467
7671,0.537,0.4845601502
7672,0.5432,0.4959544818
7673,0.5432,0.4853568544
7674,0.4136,0.490646161
7675,0.4136,0.4878248323
7676,0.4136,0.5161034752
7677,0.5247,0.5056178311
7678,0.6049,0.5030600957
7679,0.4074,0.5185248964
7680,0.5432,0.5024300877
7681,0.4753,0.509658557
7682,0.5432,0.4917559656
7683,0.4753,0.4796055482
7684,0.537,0.4917420477
7685,0.537,0.4889826574
7686,0.5123,0.4930890424
7687,0.5432,0.4866707316
7688,0.5432,0.4876263681
7689,0.5432,0.4849057401
7690,0.5432,0.5058023449
7691,0.5432,0.506733499
7692,0.5556,0.501992885
7693,0.5494,0.4946535297
7694,0.5556,0.5056497004
7695,0.4383,0.5043627326
7696,0.5247,0.497213616
7697,0.4877,0.500660457
7698,0.4877,0.5026293163
7699,0.4877,0.4937190461
7700,0.4136,0.4867866256
7701,0.4136,0.4855552573
7702,0.4136,0.4875972419
7703,0.5185,0.4859871734
7704,0.4753,0.496838877
7705,0.4753,0.4873494193
7706,0.4753,0.4962579741
7707,0.4753,0.4855301584
7708,0.4383,0.4867000705
7709,0.5556,0.5094757476
7710,0.4383,0.4894695927
7711,0.4383,0.4919914704
7712,0.5123,0.4909001938
7713,0.6049,0.4900039556
7714,0.6049,0.4893877363
7715,0.4691,0.4856056812
7716,0.4691,0.4855022983
7717,0.4691,0.4960704792
7718,0.4691,0.4881875046
7719,0.4753,0.4940443152
7720,0.4753,0.4852697976
7721,0.4753,0.4848521247
7722,0.5062,0.4848258412
7723,0.4506,0.5195075004
7724,0.5556,0.5106612384
7725,0.4074,0.4892803358
7726,0.4877,0.485156881
7727,0.4506,0.4850358267
7728,0.4877,0.4945566103
7729,0.4506,0.4845765539
7730,0.4506,0.4869549527
7731,0.5432,0.4955840229
7732,0.5494,0.4833968333
7733,0.4506,0.4866414009
7734,0.5432,0.4952244206
7735,0.5494,0.4862881799
7736,0.4506,0.4844905256
7737,0.5432,0.48453899
7738,0.5494,0.4851276402
7739,0.4506,0.4845074058
7740,0.5432,0.4846493681
7741,0.5494,0.4863414884
7742,0.4506,0.4845045546
7743,0.5432,0.4846303292
7744,0.5494,0.486135082
7745,0.4506,0.4857536165
7746,0.5432,0.4870458352
7747,0.5494,0.4857445331
7748,0.4506,0.4866456759
7749,0.5432,0.4953783916
7750,0.5494,0.4858966028
7751,0.4506,0.4844901338
7752,0.5432,0.4845244532
7753,0.5494,0.4849637794
7754,0.4506,0.4863158542
7755,0.5432,0.486429435
7756,0.5494,0.4856007753
7757,0.537,0.5104841916
7758,0.4136,0.498754437
7759,0.4506,0.5047363871
7760,0.537,0.4964898373
7761,0.4136,0.5002664845
7762,0.4506,0.504778478
7763,0.537,0.4958373881
7764,0.4136,0.4959588396
7765,0.4506,0.4955495932
7766,0.4321,0.4984887606
7767,0.5123,0.5195075004
7768,0.5926,0.4995705475
7769,0.5123,0.5007357922
7770,0.5432,0.5112632592
7771,0.5185,0.4957667128
7772,0.4321,0.5040434104
7773,0.4321,0.4909948052
7774,0.4321,0.4907253212
7775,0.4321,0.4928573491
7776,0.4753,0.4844339726
7777,0.5185,0.499311853
7778,0.3951,0.4909679476
7779,0.5185,0.4987711445
7780,0.3951,0.490693548
7781,0.4321,0.4988715845
7782,0.5926,0.4996812436
7783,0.4753,0.4995761439
7784,0.4136,0.4904602699
7785,0.5432,0.4884868015
7786,0.4136,0.4970419543
7787,0.4321,0.4928865464
7788,0.5802,0.5210426446
7789,0.4506,0.4881948321
7790,0.4506,0.4863067013
7791,0.6049,0.4977484721
7792,0.6049,0.4950883273
7793,0.4691,0.4779561314
7794,0.5556,0.5195075004
7795,0.4383,0.4873874722
7796,0.4506,0.4848161809
7797,0.5432,0.5112655202
7798,0.4074,0.5106077844
7799,0.5247,0.504449244
7800,0.5185,0.4992417147
7801,0.5247,0.499370632
7802,0.5185,0.4968547658
7803,0.5062,0.499807635
7804,0.4321,0.4970700754
7805,0.3951,0.4852424744
7806,0.3951,0.4852719317
7807,0.4753,0.5076956301
7808,0.4074,0.4867674569
7809,0.3951,0.4973507023
7810,0.4074,0.4846459758
7811,0.3951,0.4887808088
7812,0.4074,0.4954346128
7813,0.3951,0.4976929603
7814,0.4074,0.4863905236
7815,0.3951,0.4980338369
7816,0.4074,0.4848564314
7817,0.3951,0.4874484616
7818,0.4074,0.4847295552
7819,0.3951,0.4907647542
7820,0.5432,0.4953924077
7821,0.5062,0.5340196239
7822,0.5432,0.4865641985
7823,0.4506,0.5060534543
7824,0.5494,0.5186898043
7825,0.5926,0.503131516
7826,0.5494,0.5159784036
7827,0.5926,0.4975724346
7828,0.5494,0.5140671789
7829,0.5926,0.4805194318
7830,0.5494,0.5137364713
7831,0.5926,0.4946132793
7832,0.4506,0.4997974955
7833,0.4074,0.4555499306
7834,0.4074,0.4649116771
7835,0.4321,0.4873129443
7836,0.4321,0.4872022577
7837,0.4877,0.5195075004
7838,0.3951,0.4913403057
7839,0.5062,0.4854349743
7840,0.3951,0.4873717327
7841,0.5062,0.4848610687
7842,0.4691,0.5067652304
7843,0.5432,0.4847816956
7844,0.5432,0.4959283555
7845,0.5432,0.4868842208
7846,0.5432,0.485218809
7847,0.4691,0.5053997908
7848,0.4877,0.4869145617
7849,0.3951,0.498754437
7850,0.5802,0.5012283269
7851,0.4136,0.4995148546
7852,0.5926,0.4905510261
7853,0.4753,0.4905571771
7854,0.5926,0.4905510261
7855,0.4753,0.4905571771
7856,0.4506,0.4910335729
7857,0.4074,0.4879410127
7858,0.4074,0.4881101621
7859,0.3951,0.4870108294
7860,0.537,0.489369934
7861,0.4321,0.4914175732
7862,0.5926,0.4908452619
7863,0.5926,0.488578662
7864,0.4383,0.4987968213
7865,0.5432,0.4847152602
7866,0.4383,0.4973511244
7867,0.5432,0.4846859242
7868,0.5802,0.4845734777
7869,0.4383,0.5130535355
7870,0.5494,0.4860695177
7871,0.4321,0.4969329539
7872,0.4691,0.4849061839
7873,0.4691,0.4852169146
7874,0.4136,0.4845180562
7875,0.5494,0.5302607566
7876,0.4877,0.4849235238
7877,0.4877,0.4867439518
7878,0.4877,0.4846559748
7879,0.5432,0.5405064999
7880,0.3951,0.4858427357
7881,0.3951,0.486827561
7882,0.3951,0.485516326
7883,0.4753,0.4936243112
7884,0.3951,0.4879504983
7885,0.5556,0.4925222166
7886,0.4753,0.5090289474
7887,0.5062,0.4878175107
7888,0.5802,0.5040444204
7889,0.5185,0.4859461679
7890,0.5556,0.5219498114
7891,0.5556,0.5084112974
7892,0.5556,0.5097276097
7893,0.5432,0.4974118428
7894,0.4136,0.4920689489
7895,0.3951,0.5040803244
7896,0.5247,0.4856260414
7897,0.5494,0.4984109372
7898,0.4321,0.5080170675
7899,0.5247,0.4984269998
7900,0.6049,0.4941030035
7901,0.5247,0.495160214
7902,0.6049,0.4915594327
7903,0.4753,0.4846767588
7904,0.4753,0.4846376016
7905,0.4321,0.494390932
7906,0.4321,0.4944030273
7907,0.4321,0.4916688229
7908,0.5432,0.4903491548
7909,0.4506,0.5071281504
7910,0.4506,0.4852166514
7911,0.5556,0.4802055565
7912,0.4506,0.4852520553
7913,0.5185,0.4988783846
7914,0.4691,0.4888501542
7915,0.4383,0.4860259511
7916,0.5556,0.4852659126
7917,0.4383,0.4853069059
7918,0.5556,0.484898455
7919,0.5123,0.504320004
7920,0.5432,0.4908722553
7921,0.5185,0.4962442794
7922,0.4321,0.4989321276
7923,0.4321,0.4919795484
7924,0.5185,0.548871315
7925,0.4321,0.5291511531
7926,0.5432,0.5353589061
7927,0.4321,0.5488306835
7928,0.3951,0.489843141
7929,0.5432,0.4996561702
7930,0.5123,0.4865713773
7931,0.5556,0.494798544
7932,0.4136,0.4997615522
7933,0.5432,0.5073562216
7934,0.5432,0.5261038189
7935,0.3951,0.4872381057
7936,0.5185,0.4310505856
7937,0.3951,0.4890095662
7938,0.5185,0.4853480394
7939,0.3951,0.4921266654
7940,0.5185,0.4860082463
7941,0.3951,0.4900398973
7942,0.5185,0.485190694
7943,0.3951,0.4895761166
7944,0.5185,0.4850991023
7945,0.4321,0.4851057924
7946,0.4321,0.5029778853
7947,0.5247,0.5194805276
7948,0.4753,0.4941260542
7949,0.5556,0.4975174931
7950,0.4753,0.4935660016
7951,0.5556,0.4968046024
7952,0.4074,0.5472085838
7953,0.537,0.5116734917
7954,0.5802,0.5353114936
7955,0.6049,0.5385744118
7956,0.6049,0.5299312059
7957,0.5432,0.4857730835
7958,0.5432,0.4980282456
7959,0.5432,0.4856578269
7960,0.5556,0.5106054229
7961,0.4506,0.5042588933
7962,0.3951,0.494314344
7963,0.4753,0.5066065358
7964,0.4321,0.5098152888
7965,0.4753,0.4851200943
7966,0.537,0.517092073
7967,0.4506,0.493125509
7968,0.4877,0.4879999919
7969,0.4877,0.4858223716
7970,0.5432,0.4860637591
7971,0.5247,0.5359415327
7972,0.5247,0.4871399486
7973,0.4506,0.5185288146
7974,0.5062,0.487855338
7975,0.537,0.4956216022
7976,0.5802,0.5154643356
7977,0.5247,0.4837854999
7978,0.5247,0.4856922656
7979,0.5185,0.4999447135
7980,0.4506,0.5042380442
7981,0.5926,0.517670097
7982,0.4753,0.5092594929
7983,0.4753,0.496957702
7984,0.5926,0.487380981
7985,0.4383,0.486067723
7986,0.5123,0.4871265069
7987,0.6049,0.4967083565
7988,0.5123,0.5042034896
7989,0.5556,0.4898520615
7990,0.4753,0.5482339449
7991,0.4877,0.4891712296
7992,0.5432,0.5316744603
7993,0.5123,0.4941898319
7994,0.3951,0.5016169393
7995,0.5556,0.4849080638
7996,0.5123,0.4845774786
7997,0.3951,0.4857890382
7998,0.5123,0.4846587184
7999,0.3951,0.4860700486
8000,0.5926,0.5426377693
8001,0.5926,0.546032567
8002,0.4506,0.4858074358
8003,0.5123,0.5180337087
8004,0.5062,0.4891274205
8005,0.5062,0.4865439514
8006,0.5062,0.4968345987
8007,0.4877,0.5079076346
8008,0.5185,0.484831995
8009,0.6049,0.4893081133
8010,0.4753,0.5026583246
8011,0.4506,0.4920646599
8012,0.4136,0.4914620714
8013,0.4383,0.4856207071
8014,0.4753,0.4958844776
8015,0.4753,0.4901800028
8016,0.4506,0.5287454016
8017,0.4753,0.4906556264
8018,0.5926,0.4845527929
8019,0.5185,0.4900593939
8020,0.5185,0.5007606445
8021,0.4136,0.5209524528
8022,0.4136,0.5049448809
8023,0.4383,0.4845152464
8024,0.5802,0.5568016996
8025,0.5556,0.487865926
8026,0.537,0.5053785502
8027,0.5432,0.4995072165
8028,0.5062,0.5088165295
8029,0.4136,0.5161373105
8030,0.4136,0.4961643003
8031,0.4136,0.5076717542
8032,0.4753,0.5195908511
8033,0.4753,0.5037214246
8034,0.4753,0.5003129975
8035,0.4753,0.4988902154
8036,0.4753,0.4962768299
8037,0.4753,0.5093755588
8038,0.5802,0.5029953024
8039,0.5432,0.4845237279
8040,0.5494,0.515129868
8041,0.4691,0.4861527337
8042,0.5185,0.5149849748
8043,0.5123,0.4965660838
8044,0.5185,0.4997974955
8045,0.5123,0.4953704301
8046,0.5185,0.4969287215
8047,0.5062,0.4859282876
8048,0.5802,0.499762147
8049,0.5802,0.4931353332
8050,0.5802,0.5036597277
8051,0.5802,0.4952816545
8052,0.4506,0.499349521
8053,0.5802,0.4947704543
8054,0.5802,0.4997609304
8055,0.5802,0.5017984099
8056,0.537,0.4886543918
8057,0.5556,0.4877332838
8058,0.5556,0.496697844
8059,0.5556,0.4875005416
8060,0.5185,0.5068811893
8061,0.5185,0.5047390475
8062,0.5432,0.5047822736
8063,0.4506,0.508472369
8064,0.5556,0.5195075004
8065,0.4136,0.4866649109
8066,0.4136,0.4873413891
8067,0.4136,0.4887084365
8068,0.4136,0.4882255127
8069,0.4074,0.4880851024
8070,0.4074,0.5044102932
8071,0.4506,0.4876855421
8072,0.5556,0.5045527246
8073,0.4136,0.5124613006
8074,0.3951,0.4852455415
8075,0.4506,0.4976048809
8076,0.4383,0.485098911
8077,0.4136,0.4939578907
8078,0.4753,0.4884971329
8079,0.6049,0.4861963361
8080,0.4136,0.5031071647
8081,0.3951,0.51407773
8082,0.4136,0.4855627933
8083,0.4136,0.4884963421
8084,0.4136,0.4856128664
8085,0.6049,0.4986084186
8086,0.4506,0.4896937988
8087,0.4506,0.5113610193
8088,0.4506,0.4881727228
8089,0.4506,0.4914386385
8090,0.4506,0.493717402
8091,0.4506,0.4848957454
8092,0.4506,0.4868766868
8093,0.4506,0.5072808963
8094,0.4877,0.4993080632
8095,0.4506,0.5014444659
8096,0.4877,0.5044505907
8097,0.4074,0.5032785258
8098,0.4074,0.4951008733
8099,0.4074,0.5087163046
8100,0.5185,0.4866710473
8101,0.5185,0.4848783433
8102,0.5185,0.4867727834
8103,0.5185,0.4848156457
8104,0.5556,0.4988794076
8105,0.5802,0.4865127511
8106,0.5247,0.5048236311
8107,0.5185,0.4928160431
8108,0.5432,0.5001497201
8109,0.6049,0.4767593084
8110,0.5247,0.4930306029
8111,0.4506,0.4970955442
8112,0.4753,0.4909942187
8113,0.4506,0.4871602959
8114,0.5432,0.4947587529
8115,0.4506,0.4883316577
8116,0.5432,0.4985020983
8117,0.5123,0.4978236503
8118,0.5556,0.4955526263
8119,0.4506,0.484494266
8120,0.4506,0.4863260009
8121,0.5432,0.5120857242
8122,0.5432,0.5066936917
8123,0.5432,0.4975064294
8124,0.5432,0.4869664961
8125,0.5432,0.4845364186
8126,0.5432,0.5070781907
8127,0.5247,0.4958482974
8128,0.5247,0.487298421
8129,0.5247,0.4954926955
8130,0.4321,0.5108652827
8131,0.4321,0.5044532734
8132,0.4321,0.4844996983
8133,0.4877,0.4880502185
8134,0.6049,0.4941218387
8135,0.4691,0.4888943515
8136,0.4691,0.4879139472
8137,0.4691,0.4981799503
8138,0.4691,0.4893090404
8139,0.5123,0.5009217722
8140,0.4136,0.4855113823
8141,0.4136,0.4866491422
8142,0.4136,0.4850490986
8143,0.4877,0.4874981333
8144,0.4877,0.4997414728
8145,0.4136,0.4904274193
8146,0.5926,0.4902893887
8147,0.4136,0.5082496526
8148,0.5926,0.5026219635
8149,0.537,0.5210380692
8150,0.5432,0.5124613006
8151,0.4074,0.5009953279
8152,0.4877,0.4864807772
8153,0.4321,0.4849466628
8154,0.4877,0.4867134719
8155,0.4321,0.4850022552
8156,0.5062,0.4938707581
8157,0.4136,0.4924167809
8158,0.5556,0.4994276106
8159,0.4506,0.4883810729
8160,0.5926,0.4872322634
8161,0.4506,0.4878904089
8162,0.5926,0.4855945924
8163,0.4506,0.5099816435
8164,0.4877,0.4904046879
8165,0.5926,0.4897880399
8166,0.5926,0.4877059863
8167,0.3951,0.4953370678
8168,0.4691,0.485438897
8169,0.4691,0.4860839828
8170,0.4691,0.4962794106
8171,0.5432,0.4891461504
8172,0.5556,0.484548073
8173,0.5432,0.4858957968
8174,0.537,0.510494027
8175,0.5062,0.4948908184
8176,0.5247,0.4878932487
8177,0.5247,0.4897846656
8178,0.5247,0.486083987
8179,0.4506,0.4873242155
8180,0.4506,0.486972623
8181,0.4506,0.4885676221
8182,0.5247,0.5127379654
8183,0.5494,0.5032907286
8184,0.6049,0.4949158174
8185,0.4877,0.4924751174
8186,0.6049,0.4915781551
8187,0.5247,0.4893531784
8188,0.6049,0.4904377805
8189,0.5247,0.488545157
8190,0.5556,0.5009291131
8191,0.5123,0.4854583781
8192,0.4506,0.5006578967
8193,0.5123,0.4856976947
8194,0.4506,0.5014872941
8195,0.4877,0.4868583167
8196,0.4877,0.4994817196
8197,0.4691,0.4848371603
8198,0.4321,0.4980598814
8199,0.4321,0.5070964047
8200,0.4383,0.4845587487
8201,0.4506,0.4898077201
8202,0.4383,0.484544629
8203,0.4506,0.4888961398
8204,0.5185,0.5473975704
8205,0.5185,0.547611769
8206,0.6049,0.4936943584
8207,0.4753,0.4927749287
8208,0.537,0.5000951614
8209,0.5556,0.4946240026
8210,0.6049,0.5110882896
8211,0.4753,0.4963783672
8212,0.5062,0.5067420059
8213,0.537,0.4932569618
8214,0.4136,0.4863492273
8215,0.5556,0.4979786468
8216,0.4753,0.497995255
8217,0.5556,0.4942947997
8218,0.4753,0.4943077454
8219,0.5432,0.4938569752
8220,0.5432,0.4993395665
8221,0.4506,0.4986720315
8222,0.4136,0.4845132013
8223,0.5432,0.5135797962
8224,0.5432,0.4951900348
8225,0.4753,0.4874413262
8226,0.4753,0.4962521369
8227,0.4753,0.4875373926
8228,0.5185,0.4859978192
8229,0.4753,0.4886995518
8230,0.5185,0.4878822591
8231,0.4753,0.489134074
8232,0.5185,0.4869959294
8233,0.4753,0.4912851513
8234,0.5185,0.4863080113
8235,0.4753,0.4895185462
8236,0.5185,0.4872342805
8237,0.4753,0.488951437
8238,0.5185,0.4888917112
8239,0.4753,0.493303488
8240,0.5185,0.4972156352
8241,0.4753,0.4911213953
8242,0.4506,0.4870126177
8243,0.4753,0.4947973607
8244,0.5185,0.4849858709
8245,0.4136,0.4953203942
8246,0.5556,0.493455401
8247,0.4136,0.5060595754
8248,0.5556,0.4898413241
8249,0.5926,0.5057084756
8250,0.4136,0.487885089
8251,0.5432,0.4896758079
8252,0.4136,0.4863302264
8253,0.5432,0.4873409201
8254,0.4691,0.4858239056
8255,0.4691,0.4870002182
8256,0.5926,0.4852353013
8257,0.5926,0.5122608574
8258,0.4753,0.4845086064
8259,0.4753,0.4846729859
8260,0.4753,0.4845915399
8261,0.4321,0.4893658764
8262,0.3951,0.4848269361
8263,0.5926,0.4924876375
8264,0.4753,0.5151155485
8265,0.4321,0.4917815412
8266,0.4753,0.495252061
8267,0.5432,0.4848523626
8268,0.6049,0.4461790018
8269,0.6049,0.4856250343
8270,0.5926,0.4965211321
8271,0.3951,0.5043037214
8272,0.5926,0.5101175565
8273,0.5432,0.4964429017
8274,0.4506,0.4900852814
8275,0.5432,0.4960025992
8276,0.4506,0.4901416131
8277,0.5926,0.4849896966
8278,0.4753,0.4823058561
8279,0.6049,0.5017810809
8280,0.4753,0.4986061238
8281,0.6049,0.4949190765
8282,0.5432,0.489685535
8283,0.5123,0.5250880466
8284,0.4506,0.5058937675
8285,0.4074,0.5057991606
8286,0.4753,0.4849480877
8287,0.5556,0.5037012363
8288,0.5556,0.4958150027
8289,0.537,0.4852413902
8290,0.4506,0.502976478
8291,0.5432,0.5319891402
8292,0.5185,0.4956055768
8293,0.4321,0.4989056565
8294,0.4321,0.5051821451
8295,0.4506,0.4903992335
8296,0.5247,0.4852353605
8297,0.5247,0.4867727857
8298,0.4506,0.4863213929
8299,0.5432,0.4882297023
8300,0.5185,0.4884786158
8301,0.5556,0.4857431294
8302,0.537,0.4852660301
8303,0.4506,0.4846070149
8304,0.5926,0.4903877879
8305,0.4383,0.4958989006
8306,0.4877,0.4846862451
8307,0.4877,0.484977726
8308,0.5185,0.4993371565
8309,0.4877,0.4865721311
8310,0.4136,0.4944716581
8311,0.4136,0.4969521825
8312,0.4877,0.4987344647
8313,0.4877,0.4973436016
8314,0.3951,0.5004207816
8315,0.6049,0.495853446
8316,0.3951,0.5115105071
8317,0.6049,0.5084308323
8318,0.4753,0.5088189367
8319,0.4321,0.5025775965
8320,0.5123,0.4865128052
8321,0.4877,0.5020146879
8322,0.4321,0.5075403645
8323,0.4506,0.5107706767
8324,0.5185,0.5083482393
8325,0.5926,0.5016220574
8326,0.5185,0.515740332
8327,0.5926,0.5018411992
8328,0.5062,0.5023769941
8329,0.5926,0.5055363087
8330,0.4136,0.5079176803
8331,0.5123,0.497147509
8332,0.5123,0.4997239254
8333,0.5123,0.4930922551
8334,0.5123,0.5046724243
8335,0.5123,0.5109495163
8336,0.5247,0.496008245
8337,0.4321,0.5041626648
8338,0.4753,0.4994436211
8339,0.4877,0.499768698
8340,0.4877,0.4887047155
8341,0.5926,0.4852780045
8342,0.5802,0.4922114816
8343,0.4321,0.4881568962
8344,0.6049,0.5456944536
8345,0.3951,0.4907991326
8346,0.3951,0.49086142
8347,0.5556,0.5104841916
8348,0.4074,0.5459134792
8349,0.4753,0.4886144526
8350,0.4506,0.4846355389
8351,0.4753,0.488741699
8352,0.4506,0.4846405929
8353,0.5802,0.5124566187
8354,0.5802,0.5088516113
8355,0.5802,0.5174388205
8356,0.5802,0.5065713594
8357,0.4383,0.5059784849
8358,0.4877,0.4860140282
8359,0.5432,0.4848875666
8360,0.4877,0.4870946692
8361,0.5432,0.4846917586
8362,0.4877,0.4883211
8363,0.4877,0.5116265809
8364,0.5802,0.4863649631
8365,0.4506,0.5246034153
8366,0.4506,0.5270472147
8367,0.4506,0.4847420582
8368,0.4506,0.4849178783
8369,0.4506,0.4848585935
8370,0.4506,0.4864406846
8371,0.4506,0.5023713468
8372,0.4506,0.5111020379
8373,0.4753,0.4857529821
8374,0.4753,0.4877461871
8375,0.4321,0.5046838098
8376,0.5494,0.484601147
8377,0.5123,0.4854950709
8378,0.5494,0.4863423906
8379,0.5123,0.4871076335
8380,0.5494,0.4845610961
8381,0.5123,0.4851581692
8382,0.5494,0.4845850924
8383,0.5123,0.485360395
8384,0.4877,0.4859590339
8385,0.5802,0.4905172474
8386,0.5802,0.491766286
8387,0.5494,0.4994733476
8388,0.4321,0.4872252015
8389,0.4877,0.5069688198
8390,0.4383,0.4872986331
8391,0.4506,0.4928865464
8392,0.4753,0.4958969243
8393,0.5494,0.5036799462
8394,0.4506,0.5065892961
8395,0.4321,0.5008026207
8396,0.4506,0.4970615953
8397,0.4321,0.4961844751
8398,0.5556,0.4949078981
8399,0.5556,0.4964630082
8400,0.4506,0.5037860234
8401,0.4506,0.4969327818
8402,0.4383,0.4852549436
8403,0.4506,0.4959581591
8404,0.4321,0.485817221
8405,0.4691,0.4919284064
8406,0.4753,0.5027133464
8407,0.4506,0.5152561911
8408,0.5432,0.4850024475
8409,0.5432,0.4861286897
8410,0.5432,0.4828301167
8411,0.5432,0.4853761257
8412,0.5432,0.485640295
8413,0.4691,0.491703091
8414,0.5556,0.485544969
8415,0.4506,0.4845926261
8416,0.5123,0.5069880758
8417,0.5556,0.4851642462
8418,0.4877,0.5069579743
8419,0.5926,0.4844824666
8420,0.5432,0.5268262168
8421,0.537,0.4976538032
8422,0.6049,0.5104841916
8423,0.5926,0.4995730383
8424,0.5247,0.4864573863
8425,0.5926,0.4953907969
8426,0.5247,0.4860164831
8427,0.5926,0.4969036783
8428,0.5247,0.4864185493
8429,0.5926,0.4965950669
8430,0.5247,0.4864142919
8431,0.5926,0.4920697952
8432,0.5247,0.4845657465
8433,0.5926,0.5062556695
8434,0.5247,0.4865611173
8435,0.5062,0.4988670449
8436,0.5185,0.5006658843
8437,0.4506,0.4922823281
8438,0.4506,0.5037830047
8439,0.5432,0.5069853303
8440,0.6049,0.5003824601
8441,0.4506,0.4956684318
8442,0.5926,0.5057510394
8443,0.4383,0.4990229031
8444,0.5926,0.5250755435
8445,0.4383,0.5381023634
8446,0.5926,0.5298007127
8447,0.4383,0.539653282
8448,0.5926,0.5224345576
8449,0.4383,0.5348959969
8450,0.5062,0.5007331946
8451,0.5926,0.5386065411
8452,0.4136,0.5124613006
8453,0.4074,0.5016775851
8454,0.4074,0.5039831858
8455,0.4877,0.4851196963
8456,0.5185,0.4868019188
8457,0.5185,0.486172946
8458,0.5556,0.5195075004
8459,0.4506,0.4844863356
8460,0.5185,0.4940010442
8461,0.4753,0.4848693624
8462,0.5926,0.4878498996
8463,0.537,0.5035604738
8464,0.4506,0.4845492997
8465,0.4074,0.4855371399
8466,0.4321,0.5002599886
8467,0.4136,0.4968587009
8468,0.4506,0.4877357906
8469,0.4321,0.5012200634
8470,0.4136,0.4958829285
8471,0.4506,0.4777004005
8472,0.4321,0.4981364059
8473,0.4136,0.4950934791
8474,0.4506,0.4872040355
8475,0.4321,0.4938250669
8476,0.5494,0.51402653
8477,0.4321,0.5019914209
8478,0.5494,0.509759514
8479,0.4383,0.4997422888
8480,0.3951,0.4845352045
8481,0.5802,0.5004029487
8482,0.6049,0.5041248597
8483,0.4136,0.4915905663
8484,0.4136,0.4863103932
8485,0.4136,0.4880320891
8486,0.5432,0.5029040834
8487,0.5802,0.5038693105
8488,0.4753,0.4849029255
8489,0.5556,0.4899034817
8490,0.4877,0.4853017977
8491,0.5247,0.5093756399
8492,0.4506,0.5092654454
8493,0.5062,0.4973861635
8494,0.4383,0.4919657697
8495,0.5432,0.4847051544
8496,0.5556,0.4864151162
8497,0.5556,0.504567522
8498,0.5556,0.5109483866
8499,0.5556,0.5000335084
8500,0.4877,0.488556576
