1,4,0,0,0,0,0,0,0,0,0,0,1,1,3,2,0,464
25,118,30,32,6,0,0,13,8,1,4,0,22,67,72,42,5,160
25,118,30,32,6,0,0,13,8,1,4,0,3,8,14,7,0,160
29,137,28,40,4,5,0,19,3,1,2,5,2,1,4,0,0,345
29,137,28,40,4,5,0,19,3,1,2,5,29,51,3,7,1,345
27,133,28,44,10,2,2,27,1,1,0,2,27,68,15,20,4,500
25,120,29,39,11,3,0,16,6,2,2,1,1,7,0,0,0,160
25,120,29,39,11,3,0,16,6,2,2,1,2,3,4,1,0,160
25,120,29,39,11,3,0,16,6,2,2,1,20,38,52,28,2,160
25,120,29,39,11,3,0,16,6,2,2,1,5,10,0,8,0,160
25,120,29,39,11,3,0,16,6,2,2,1,1,0,0,0,0,160
12,49,9,11,2,1,0,5,0,1,0,1,12,29,2,7,0,368
1,4,0,1,0,0,0,2,0,0,1,0,1,2,0,0,0,160
31,157,66,63,10,9,0,34,11,6,13,1,16,42,61,15,10,667
31,157,66,63,10,9,0,34,11,6,13,1,15,44,64,21,3,667
1,5,1,1,1,0,0,1,0,0,0,0,1,1,0,0,0,368
1,5,1,1,1,0,0,1,0,0,0,0,1,8,0,0,0,368
18,86,13,13,2,1,0,11,1,0,0,0,1,2,0,1,0,667
18,86,13,13,2,1,0,11,1,0,0,0,17,28,1,6,0,667
22,89,18,27,1,10,3,18,0,1,3,4,1,4,0,1,0,345
22,89,18,27,1,10,3,18,0,1,3,4,22,41,61,29,3,345
1,3,0,0,0,0,0,0,0,0,1,0,1,1,0,0,0,345
10,36,6,7,0,0,0,1,2,0,2,0,2,9,7,0,1,500
10,36,6,7,0,0,0,1,2,0,2,0,8,20,1,6,0,500
3,15,7,6,0,0,0,5,2,0,0,0,3,8,10,4,2,464
20,94,24,33,9,1,1,21,4,0,2,2,3,3,3,2,0,750
20,94,24,33,9,1,1,21,4,0,2,2,15,21,2,5,1,750
20,94,24,33,9,1,1,21,4,0,2,2,3,1,7,0,0,750
29,128,26,32,3,3,0,23,4,4,9,2,28,48,49,39,4,464
29,128,26,32,3,3,0,23,4,4,9,2,1,1,4,0,0,464
1,4,0,0,0,0,0,0,0,0,0,3,1,3,0,0,0,750
1,4,0,1,0,0,0,0,0,0,0,0,1,0,0,1,0,750
17,73,17,17,1,1,0,8,3,1,4,2,5,16,10,7,1,500
17,73,17,17,1,1,0,8,3,1,4,2,1,0,0,1,0,500
17,73,17,17,1,1,0,8,3,1,4,2,12,29,0,7,0,500
1,2,0,0,0,0,0,0,0,0,1,0,1,9,0,2,0,368
25,106,19,28,2,5,0,13,1,0,3,2,25,32,2,11,0,160
29,152,51,46,3,3,0,24,6,0,4,4,7,9,6,2,0,667
29,152,51,46,3,3,0,24,6,0,4,4,27,27,3,9,1,667
30,134,24,30,4,0,0,21,4,0,7,2,30,18,28,8,1,500
3,14,2,1,0,0,0,0,0,0,0,0,3,3,2,5,0,679
12,63,11,15,2,3,1,14,0,0,1,1,1,1,0,1,0,500
12,63,11,15,2,3,1,14,0,0,1,1,5,10,11,9,0,500
12,63,11,15,2,3,1,14,0,0,1,1,8,11,1,5,0,500
19,87,16,20,2,0,0,10,5,0,2,1,19,58,50,18,5,368
29,127,31,32,8,1,0,18,2,1,8,3,29,295,4,34,10,345
19,77,17,20,3,1,0,16,12,1,8,2,18,39,2,7,0,667
7,33,6,7,0,0,0,2,0,0,0,0,4,35,1,5,1,464
7,33,6,7,0,0,0,2,0,0,0,0,3,4,1,4,0,464
27,118,26,38,8,1,0,26,6,3,3,0,2,18,1,1,1,464
27,118,26,38,8,1,0,26,6,3,3,0,18,57,50,16,11,464
27,118,26,38,8,1,0,26,6,3,3,0,3,10,4,1,0,464
27,118,26,38,8,1,0,26,6,3,3,0,1,0,0,0,0,464
27,118,26,38,8,1,0,26,6,3,3,0,4,6,12,4,3,464
28,150,47,37,7,5,3,30,16,2,10,2,1,2,1,1,0,750
28,150,47,37,7,5,3,30,16,2,10,2,27,78,3,10,0,750
6,22,3,4,0,1,0,2,0,0,2,0,6,21,0,0,0,368
9,34,7,7,1,1,0,3,0,0,1,2,2,1,1,8,0,368
9,34,7,7,1,1,0,3,0,0,1,2,9,5,0,2,0,368
26,121,30,28,5,0,0,15,11,4,3,2,1,0,0,1,0,679
26,121,30,28,5,0,0,15,11,4,3,2,26,42,90,44,5,679
33,147,37,47,7,3,0,18,14,3,4,3,33,88,3,9,1,485
1,3,0,0,0,0,0,0,0,0,0,0,1,1,0,0,0,345
33,158,30,38,6,1,0,25,4,4,3,2,11,29,22,13,4,485
33,158,30,38,6,1,0,25,4,4,3,2,20,31,58,26,3,485
33,158,30,38,6,1,0,25,4,4,3,2,5,19,0,4,0,485
33,158,30,38,6,1,0,25,4,4,3,2,1,0,0,0,0,485
25,123,24,28,3,3,1,22,1,2,3,1,2,12,0,1,0,160
25,123,24,28,3,3,1,22,1,2,3,1,1,1,1,1,0,160
25,123,24,28,3,3,1,22,1,2,3,1,24,22,54,6,3,160
28,147,43,41,8,2,0,16,6,3,3,2,26,240,1,7,9,750
28,147,43,41,8,2,0,16,6,3,3,2,2,6,2,2,0,750
1,6,1,2,0,0,0,1,0,0,0,0,1,0,5,0,0,485
21,105,39,33,5,4,0,18,8,2,4,0,1,1,4,2,0,464
21,105,39,33,5,4,0,18,8,2,4,0,1,0,0,0,0,464
21,105,39,33,5,4,0,18,8,2,4,0,20,28,72,30,8,464
29,142,43,48,6,1,0,27,3,3,4,2,19,183,8,9,12,464
29,142,43,48,6,1,0,27,3,3,4,2,1,2,3,2,0,464
29,142,43,48,6,1,0,27,3,3,4,2,1,2,4,2,0,464
29,142,43,48,6,1,0,27,3,3,4,2,8,16,2,7,2,464
18,84,18,22,3,1,0,13,1,4,3,2,1,2,1,1,0,679
18,84,18,22,3,1,0,13,1,4,3,2,4,13,1,8,0,679
18,84,18,22,3,1,0,13,1,4,3,2,16,18,1,11,0,679
19,89,21,31,1,3,1,18,1,0,2,1,16,111,4,16,2,368
19,89,21,31,1,3,1,18,1,0,2,1,4,11,1,2,0,368
32,162,45,45,9,4,0,29,8,0,4,0,1,2,2,1,0,500
32,162,45,45,9,4,0,29,8,0,4,0,31,46,159,38,7,500
16,63,11,17,1,3,0,3,0,0,5,1,1,9,0,0,0,160
16,63,11,17,1,3,0,3,0,0,5,1,16,29,65,28,4,160
26,120,25,37,3,2,0,21,1,1,3,1,26,34,3,6,2,500
19,88,8,18,1,0,0,12,0,0,4,2,8,10,5,14,0,368
19,88,8,18,1,0,0,12,0,0,4,2,2,4,0,4,0,368
19,88,8,18,1,0,0,12,0,0,4,2,14,27,29,17,1,368
31,151,38,43,9,2,2,32,6,2,3,1,30,343,3,36,21,667
31,151,38,43,9,2,2,32,6,2,3,1,1,2,0,1,0,667
32,136,31,40,3,3,2,17,2,1,8,0,32,92,3,9,0,500
5,25,7,5,0,0,0,2,1,1,2,0,5,8,11,21,0,368
25,113,25,28,4,0,0,12,6,2,1,7,7,5,6,13,0,160
25,113,25,28,4,0,0,12,6,2,1,7,19,29,5,13,1,160
25,113,25,28,4,0,0,12,6,2,1,7,2,2,8,4,1,160
25,118,27,30,6,4,0,20,11,2,2,4,1,4,0,1,0,160
25,118,27,30,6,4,0,20,11,2,2,4,2,4,5,1,0,160
25,118,27,30,6,4,0,20,11,2,2,4,23,77,18,16,3,160
25,118,27,30,6,4,0,20,11,2,2,4,2,1,0,0,0,160
33,168,41,43,3,2,0,22,10,3,4,0,7,22,16,6,2,485
33,168,41,43,3,2,0,22,10,3,4,0,2,4,4,5,0,485
33,168,41,43,3,2,0,22,10,3,4,0,24,79,2,14,0,485
17,75,18,23,4,2,0,13,1,0,2,0,1,6,0,0,0,750
17,75,18,23,4,2,0,13,1,0,2,0,16,22,3,8,0,750
21,94,21,34,3,1,0,9,3,2,2,0,12,29,30,20,3,485
21,94,21,34,3,1,0,9,3,2,2,0,1,6,0,2,0,485
21,94,21,34,3,1,0,9,3,2,2,0,8,14,0,4,0,485
28,130,32,36,4,1,2,25,3,0,7,0,10,10,27,23,1,679
28,130,32,36,4,1,2,25,3,0,7,0,20,64,18,21,2,679
28,130,32,36,4,1,2,25,3,0,7,0,4,2,0,0,0,679
28,130,32,36,4,1,2,25,3,0,7,0,1,1,1,0,0,679
16,76,17,17,5,3,0,11,0,1,1,4,14,38,43,18,1,667
16,76,17,17,5,3,0,11,0,1,1,4,1,0,0,0,0,667
16,76,17,17,5,3,0,11,0,1,1,4,1,0,0,1,0,667
16,67,10,15,1,0,0,7,1,0,0,1,10,30,23,19,3,345
16,67,10,15,1,0,0,7,1,0,0,1,6,5,0,3,0,345
18,67,16,15,1,1,0,7,0,0,6,1,18,34,1,7,1,368
29,131,18,25,1,0,0,9,5,1,3,2,17,49,35,29,3,345
29,131,18,25,1,0,0,9,5,1,3,2,2,1,2,2,0,345
29,131,18,25,1,0,0,9,5,1,3,2,9,13,1,5,1,345
29,131,18,25,1,0,0,9,5,1,3,2,6,8,17,8,0,345
20,101,23,21,1,0,2,16,5,0,8,1,1,1,1,0,0,679
20,101,23,21,1,0,2,16,5,0,8,1,9,22,5,8,0,679
20,101,23,21,1,0,2,16,5,0,8,1,11,11,0,3,0,679
20,101,23,21,1,0,2,16,5,0,8,1,3,1,15,6,0,679
29,144,45,57,10,6,0,34,3,3,1,1,29,69,6,15,0,464
3,12,0,2,1,0,0,1,0,0,0,0,2,17,0,1,0,368
3,12,0,2,1,0,0,1,0,0,0,0,1,4,0,1,0,368
3,12,0,2,1,0,0,1,0,0,0,0,2,0,0,0,0,368
12,48,5,11,3,0,0,5,1,0,1,0,12,43,4,6,0,368
12,48,5,11,3,0,0,5,1,0,1,0,1,0,0,1,0,368
12,48,5,11,3,0,0,5,1,0,1,0,2,1,4,7,1,368
31,148,33,43,8,3,0,30,14,3,3,1,19,51,50,16,6,500
31,148,33,43,8,3,0,30,14,3,3,1,11,16,3,9,0,500
31,148,33,43,8,3,0,30,14,3,3,1,1,2,3,2,0,500
25,122,34,30,7,1,0,17,12,0,8,7,24,271,6,19,11,160
25,122,34,30,7,1,0,17,12,0,8,7,1,1,0,0,0,160
25,122,34,30,7,1,0,17,12,0,8,7,3,1,2,0,0,160
25,122,34,30,7,1,0,17,12,0,8,7,1,1,2,1,0,160
27,134,33,46,7,1,1,33,9,3,9,4,27,122,32,26,2,750
19,89,15,24,3,1,0,10,2,1,2,0,19,19,23,8,2,368
26,135,34,37,8,2,0,10,5,3,5,2,26,276,5,17,14,679
25,132,36,31,3,0,0,17,4,0,7,1,25,20,33,7,2,750
2,8,3,2,0,0,0,1,1,0,1,1,2,0,1,1,0,368
29,148,42,39,4,0,0,12,20,4,6,0,26,82,22,12,2,464
29,148,42,39,4,0,0,12,20,4,6,0,3,9,9,4,0,464
29,136,38,38,0,5,0,32,11,1,8,6,29,11,43,8,1,464
29,136,38,38,0,5,0,32,11,1,8,6,1,0,1,0,1,464
29,153,43,66,9,5,0,43,6,0,1,2,1,0,0,0,0,667
29,153,43,66,9,5,0,43,6,0,1,2,29,105,12,17,1,667
29,153,43,66,9,5,0,43,6,0,1,2,5,2,0,1,0,667
26,130,45,64,9,3,4,40,4,0,2,1,26,43,39,45,1,750
26,130,45,64,9,3,4,40,4,0,2,1,1,0,1,0,0,750
32,146,27,36,4,3,0,22,2,0,1,0,1,1,0,0,0,485
32,146,27,36,4,3,0,22,2,0,1,0,29,110,19,20,1,485
32,146,27,36,4,3,0,22,2,0,1,0,4,1,0,0,0,485
32,157,38,43,6,4,1,24,2,3,3,1,32,343,5,12,16,500
9,36,4,8,0,0,0,5,1,0,0,0,9,23,0,4,0,368
1,1,0,0,0,0,0,0,0,0,0,1,1,0,0,1,0,500
1,1,0,0,0,0,0,0,0,0,0,1,1,0,0,0,0,500
29,142,24,42,2,4,0,18,1,0,1,3,28,31,3,10,0,345
29,142,24,42,2,4,0,18,1,0,1,3,7,2,7,2,0,345
32,151,31,31,2,0,0,13,2,1,1,0,2,1,5,0,1,485
32,151,31,31,2,0,0,13,2,1,1,0,31,40,2,9,0,485
33,163,31,44,5,0,0,20,0,0,4,1,33,27,115,37,8,485
1,3,0,0,0,0,0,0,0,0,1,0,1,8,0,1,1,368
28,130,43,49,10,7,4,39,3,2,5,7,4,44,0,5,3,464
28,130,43,49,10,7,4,39,3,2,5,7,7,24,16,9,2,464
28,130,43,49,10,7,4,39,3,2,5,7,18,31,3,6,0,464
24,95,27,25,5,5,1,17,5,2,18,3,18,30,56,28,1,679
24,95,27,25,5,5,1,17,5,2,18,3,8,13,1,3,0,679
24,95,27,25,5,5,1,17,5,2,18,3,3,0,2,1,0,679
29,130,31,34,6,8,0,20,1,0,1,0,7,3,0,1,0,345
29,130,31,34,6,8,0,20,1,0,1,0,28,22,44,9,3,345
1,6,2,2,0,0,0,1,0,0,0,0,1,11,0,3,0,750
3,13,1,3,1,0,0,2,0,0,1,0,2,2,6,6,0,345
3,13,1,3,1,0,0,2,0,0,1,0,1,1,0,1,0,345
5,17,8,4,0,0,0,2,3,1,4,0,5,21,6,1,0,368
28,145,47,44,7,5,0,22,5,1,6,1,28,40,116,38,5,750
26,133,43,47,7,6,0,34,2,0,5,6,26,83,68,28,10,750
8,39,9,11,0,0,0,5,5,1,2,2,4,4,0,2,0,160
8,39,9,11,0,0,0,5,5,1,2,2,4,5,13,10,0,160
31,149,38,42,7,5,0,28,13,4,3,1,31,49,79,59,7,667
14,65,14,15,3,0,1,10,1,0,4,0,14,24,8,13,2,368
14,65,14,15,3,0,1,10,1,0,4,0,5,9,2,0,0,368
14,65,14,15,3,0,1,10,1,0,4,0,2,1,6,1,1,368
25,127,38,41,5,2,0,23,5,3,0,1,25,46,2,11,1,750
27,129,29,28,6,1,0,17,4,1,1,0,2,18,0,2,0,679
27,129,29,28,6,1,0,17,4,1,1,0,25,41,1,5,0,679
14,72,15,19,2,1,0,5,6,0,1,1,3,6,5,4,2,485
14,72,15,19,2,1,0,5,6,0,1,1,12,27,26,24,1,485
31,144,43,39,10,1,1,31,2,0,8,1,9,3,0,0,0,667
31,144,43,39,10,1,1,31,2,0,8,1,31,11,48,17,2,667
33,161,35,58,5,1,1,34,4,2,3,0,33,334,2,29,11,485
2,9,1,0,0,0,0,1,0,0,2,2,2,0,5,1,0,500
25,110,23,30,4,6,2,24,3,0,7,5,25,33,3,7,0,160
29,128,35,45,3,7,3,23,3,1,1,0,29,40,53,24,3,345
29,128,35,45,3,7,3,23,3,1,1,0,1,0,0,1,0,345
29,128,35,45,3,7,3,23,3,1,1,0,2,1,0,0,0,345
5,19,5,4,1,0,0,4,0,0,1,0,5,13,13,7,0,500
25,124,39,42,7,5,4,33,13,5,2,5,25,71,7,7,1,679
32,158,46,50,7,4,0,17,11,3,10,0,28,47,67,50,6,500
32,158,46,50,7,4,0,17,11,3,10,0,6,17,5,2,0,500
29,146,40,47,6,5,1,21,2,2,4,1,1,2,0,0,0,345
29,146,40,47,6,5,1,21,2,2,4,1,1,0,1,0,0,345
29,146,40,47,6,5,1,21,2,2,4,1,29,136,20,34,3,345
29,146,40,47,6,5,1,21,2,2,4,1,1,0,0,0,0,345
29,146,40,47,6,5,1,21,2,2,4,1,2,0,3,2,0,345
15,70,13,18,2,0,0,9,0,1,1,6,3,5,3,2,0,345
15,70,13,18,2,0,0,9,0,1,1,6,15,17,1,5,0,345
1,4,0,0,0,0,0,0,0,0,0,0,1,1,1,0,0,500
32,138,33,51,6,9,0,44,1,0,10,8,1,0,2,1,0,485
32,138,33,51,6,9,0,44,1,0,10,8,32,11,40,8,1,485
28,135,45,51,10,6,1,29,18,2,11,3,28,105,83,24,11,679
16,80,33,33,7,5,0,11,9,1,6,1,1,9,1,0,1,667
16,80,33,33,7,5,0,11,9,1,6,1,15,32,61,21,8,667
31,147,42,44,5,2,0,26,7,1,13,2,30,42,5,8,1,667
31,147,42,44,5,2,0,26,7,1,13,2,9,1,5,1,0,667
31,147,42,44,5,2,0,26,7,1,13,2,1,0,3,2,0,667
29,145,36,37,5,7,2,23,2,2,9,1,29,60,5,11,2,464
28,128,23,32,3,0,0,18,4,0,2,4,3,1,0,1,0,679
28,128,23,32,3,0,0,18,4,0,2,4,28,8,41,10,2,679
29,137,28,40,4,5,0,19,3,1,2,5,19,39,2,10,1,345
27,133,28,44,10,2,2,27,1,1,0,2,22,107,23,15,2,500
27,133,28,44,10,2,2,27,1,1,0,2,18,64,8,14,0,500
27,133,28,44,10,2,2,27,1,1,0,2,1,1,2,0,0,500
25,120,29,39,11,3,0,16,6,2,2,1,46,89,84,57,5,160
31,157,66,63,10,9,0,34,11,6,13,1,45,138,162,33,30,667
1,5,1,1,1,0,0,1,0,0,0,0,1,2,0,3,0,368
22,89,18,27,1,10,3,18,0,1,3,4,2,2,0,2,0,345
10,36,6,7,0,0,0,1,2,0,2,0,5,11,18,5,2,500
10,36,6,7,0,0,0,1,2,0,2,0,2,0,0,2,0,500
10,36,6,7,0,0,0,1,2,0,2,0,2,3,8,4,0,500
3,15,7,6,0,0,0,5,2,0,0,0,10,17,24,19,2,464
3,15,7,6,0,0,0,5,2,0,0,0,1,0,0,1,0,464
3,15,7,6,0,0,0,5,2,0,0,0,1,1,2,2,0,464
20,94,24,33,9,1,1,21,4,0,2,2,1,6,0,3,0,750
20,94,24,33,9,1,1,21,4,0,2,2,50,75,4,17,1,750
29,128,26,32,3,3,0,23,4,4,9,2,8,14,15,11,1,464
29,128,26,32,3,3,0,23,4,4,9,2,6,10,2,3,0,464
29,128,26,32,3,3,0,23,4,4,9,2,9,12,21,16,0,464
29,152,51,46,3,3,0,24,6,0,4,4,12,44,13,11,0,667
29,152,51,46,3,3,0,24,6,0,4,4,8,5,0,1,0,667
30,134,24,30,4,0,0,21,4,0,7,2,4,7,8,7,0,500
30,134,24,30,4,0,0,21,4,0,7,2,1,0,0,0,0,500
30,134,24,30,4,0,0,21,4,0,7,2,9,1,9,6,0,500
30,134,24,30,4,0,0,21,4,0,7,2,2,0,2,0,0,500
12,63,11,15,2,3,1,14,0,0,1,1,2,4,1,3,0,500
19,87,16,20,2,0,0,10,5,0,2,1,1,5,0,1,0,368
19,87,16,20,2,0,0,10,5,0,2,1,29,79,44,28,3,368
19,87,16,20,2,0,0,10,5,0,2,1,3,4,2,4,0,368
19,87,16,20,2,0,0,10,5,0,2,1,3,4,0,3,0,368
19,87,16,20,2,0,0,10,5,0,2,1,9,11,19,12,0,368
29,127,31,32,8,1,0,18,2,1,8,3,7,61,4,3,4,345
27,118,26,38,8,1,0,26,6,3,3,0,2,5,8,4,0,464
27,118,26,38,8,1,0,26,6,3,3,0,2,2,2,5,0,464
27,118,26,38,8,1,0,26,6,3,3,0,27,166,26,28,4,464
27,118,26,38,8,1,0,26,6,3,3,0,4,0,0,1,0,464
28,150,47,37,7,5,3,30,16,2,10,2,47,95,2,16,0,750
33,147,37,47,7,3,0,18,14,3,4,3,56,154,12,14,2,485
33,158,30,38,6,1,0,25,4,4,3,2,37,84,178,62,7,485
33,158,30,38,6,1,0,25,4,4,3,2,1,0,0,0,0,485
25,123,24,28,3,3,1,22,1,2,3,1,18,45,29,33,2,160
25,123,24,28,3,3,1,22,1,2,3,1,19,14,1,4,1,160
25,123,24,28,3,3,1,22,1,2,3,1,19,14,21,11,1,160
28,147,43,41,8,2,0,16,6,3,3,2,47,117,140,32,13,750
1,6,1,2,0,0,0,1,0,0,0,0,2,6,8,3,0,485
1,6,1,2,0,0,0,1,0,0,0,0,10,26,31,18,1,485
1,6,1,2,0,0,0,1,0,0,0,0,2,1,0,0,0,485
21,105,39,33,5,4,0,18,8,2,4,0,3,1,8,5,0,464
29,142,43,48,6,1,0,27,3,3,4,2,9,107,1,12,5,464
32,162,45,45,9,4,0,29,8,0,4,0,16,32,42,11,4,500
32,162,45,45,9,4,0,29,8,0,4,0,19,43,45,16,0,500
32,162,45,45,9,4,0,29,8,0,4,0,9,15,28,10,2,500
16,63,11,17,1,3,0,3,0,0,5,1,22,39,43,27,2,160
16,63,11,17,1,3,0,3,0,0,5,1,14,24,53,17,5,160
26,120,25,37,3,2,0,21,1,1,3,1,9,29,3,8,2,500
26,120,25,37,3,2,0,21,1,1,3,1,1,2,0,1,0,500
19,88,8,18,1,0,0,12,0,0,4,2,4,14,14,12,4,368
19,88,8,18,1,0,0,12,0,0,4,2,5,6,13,9,1,368
31,151,38,43,9,2,2,32,6,2,3,1,44,513,6,37,32,667
31,151,38,43,9,2,2,32,6,2,3,1,2,3,0,0,0,667
32,136,31,40,3,3,2,17,2,1,8,0,1,4,0,0,1,500
32,136,31,40,3,3,2,17,2,1,8,0,52,88,4,18,2,500
25,118,27,30,6,4,0,20,11,2,2,4,6,9,8,10,1,160
25,118,27,30,6,4,0,20,11,2,2,4,2,7,3,4,1,160
25,118,27,30,6,4,0,20,11,2,2,4,12,56,3,15,2,160
25,118,27,30,6,4,0,20,11,2,2,4,12,58,14,8,1,160
25,118,27,30,6,4,0,20,11,2,2,4,8,15,1,2,0,160
25,118,27,30,6,4,0,20,11,2,2,4,1,0,0,0,0,160
33,168,41,43,3,2,0,22,10,3,4,0,56,160,162,58,25,485
17,75,18,23,4,2,0,13,1,0,2,0,5,8,0,2,0,750
21,94,21,34,3,1,0,9,3,2,2,0,1,9,0,3,0,485
21,94,21,34,3,1,0,9,3,2,2,0,5,10,6,7,0,485
21,94,21,34,3,1,0,9,3,2,2,0,2,2,2,6,0,485
21,94,21,34,3,1,0,9,3,2,2,0,25,131,24,28,0,485
21,94,21,34,3,1,0,9,3,2,2,0,24,29,1,11,0,485
28,130,32,36,4,1,2,25,3,0,7,0,1,3,1,1,0,679
28,130,32,36,4,1,2,25,3,0,7,0,3,9,6,3,0,679
28,130,32,36,4,1,2,25,3,0,7,0,4,5,1,2,0,679
28,130,32,36,4,1,2,25,3,0,7,0,5,2,20,7,0,679
16,76,17,17,5,3,0,11,0,1,1,4,1,0,0,1,0,667
16,76,17,17,5,3,0,11,0,1,1,4,1,0,1,3,0,667
16,76,17,17,5,3,0,11,0,1,1,4,3,5,1,3,0,667
20,101,23,21,1,0,2,16,5,0,8,1,3,6,0,1,0,679
29,144,45,57,10,6,0,34,3,3,1,1,25,54,5,17,1,464
12,48,5,11,3,0,0,5,1,0,1,0,1,7,0,1,0,368
12,48,5,11,3,0,0,5,1,0,1,0,11,33,6,12,0,368
31,148,33,43,8,3,0,30,14,3,3,1,4,8,12,1,2,500
31,148,33,43,8,3,0,30,14,3,3,1,6,9,8,6,0,500
31,148,33,43,8,3,0,30,14,3,3,1,38,41,7,10,0,500
31,148,33,43,8,3,0,30,14,3,3,1,1,0,0,0,0,500
25,122,34,30,7,1,0,17,12,0,8,7,26,280,11,16,8,160
25,122,34,30,7,1,0,17,12,0,8,7,21,22,56,25,0,160
27,134,33,46,7,1,1,33,9,3,9,4,17,162,3,16,4,750
27,134,33,46,7,1,1,33,9,3,9,4,24,101,28,17,3,750
19,89,15,24,3,1,0,10,2,1,2,0,3,1,3,6,0,368
19,89,15,24,3,1,0,10,2,1,2,0,8,1,0,0,0,368
19,89,15,24,3,1,0,10,2,1,2,0,49,20,51,20,2,368
26,135,34,37,8,2,0,10,5,3,5,2,25,253,2,14,6,679
25,132,36,31,3,0,0,17,4,0,7,1,47,34,83,24,3,750
2,8,3,2,0,0,0,1,1,0,1,1,7,1,8,5,0,368
29,148,42,39,4,0,0,12,20,4,6,0,23,109,15,19,3,464
29,148,42,39,4,0,0,12,20,4,6,0,1,2,1,0,0,464
29,148,42,39,4,0,0,12,20,4,6,0,23,24,94,30,1,464
29,136,38,38,0,5,0,32,11,1,8,6,53,146,3,22,0,464
29,136,38,38,0,5,0,32,11,1,8,6,3,1,4,0,0,464
29,153,43,66,9,5,0,43,6,0,1,2,1,0,2,0,0,667
29,153,43,66,9,5,0,43,6,0,1,2,40,149,30,27,2,667
29,153,43,66,9,5,0,43,6,0,1,2,11,8,0,1,0,667
26,130,45,64,9,3,4,40,4,0,2,1,1,3,2,0,1,750
26,130,45,64,9,3,4,40,4,0,2,1,26,46,5,15,0,750
32,146,27,36,4,3,0,22,2,0,1,0,3,9,2,4,1,485
32,146,27,36,4,3,0,22,2,0,1,0,4,6,0,3,0,485
32,157,38,43,6,4,1,24,2,3,3,1,55,464,6,35,17,500
9,36,4,8,0,0,0,5,1,0,0,0,11,40,1,8,0,368
29,142,24,42,2,4,0,18,1,0,1,3,20,43,1,7,1,345
29,142,24,42,2,4,0,18,1,0,1,3,2,1,4,1,0,345
32,151,31,31,2,0,0,13,2,1,1,0,1,8,0,1,0,485
32,151,31,31,2,0,0,13,2,1,1,0,11,27,3,4,0,485
33,163,31,44,5,0,0,20,0,0,4,1,2,2,0,0,0,485
33,163,31,44,5,0,0,20,0,0,4,1,42,35,142,34,12,485
28,130,43,49,10,7,4,39,3,2,5,7,24,55,49,27,7,464
28,130,43,49,10,7,4,39,3,2,5,7,9,17,19,16,2,464
28,130,43,49,10,7,4,39,3,2,5,7,25,35,0,5,0,464
29,130,31,34,6,8,0,20,1,0,1,0,6,1,0,0,0,345
29,130,31,34,6,8,0,20,1,0,1,0,15,8,11,6,3,345
28,145,47,44,7,5,0,22,5,1,6,1,1,1,1,0,0,750
28,145,47,44,7,5,0,22,5,1,6,1,6,13,9,8,0,750
28,145,47,44,7,5,0,22,5,1,6,1,50,66,156,66,9,750
26,133,43,47,7,6,0,34,2,0,5,6,4,51,0,2,3,750
26,133,43,47,7,6,0,34,2,0,5,6,20,29,4,2,2,750
31,149,38,42,7,5,0,28,13,4,3,1,43,73,117,49,5,667
31,149,38,42,7,5,0,28,13,4,3,1,2,2,0,2,0,667
31,149,38,42,7,5,0,28,13,4,3,1,5,7,1,1,0,667
14,65,14,15,3,0,1,10,1,0,4,0,2,5,6,7,3,368
14,65,14,15,3,0,1,10,1,0,4,0,7,20,6,7,1,368
25,127,38,41,5,2,0,23,5,3,0,1,1,0,0,0,0,750
27,129,29,28,6,1,0,17,4,1,1,0,15,133,3,9,11,679
27,129,29,28,6,1,0,17,4,1,1,0,3,0,0,0,0,679
31,144,43,39,10,1,1,31,2,0,8,1,7,1,0,0,0,667
31,144,43,39,10,1,1,31,2,0,8,1,48,28,101,14,2,667
33,161,35,58,5,1,1,34,4,2,3,0,55,509,0,24,26,485
2,9,1,0,0,0,0,1,0,0,2,2,11,3,12,7,0,500
29,128,35,45,3,7,3,23,3,1,1,0,22,47,42,35,2,345
5,19,5,4,1,0,0,4,0,0,1,0,11,30,35,13,3,500
5,19,5,4,1,0,0,4,0,0,1,0,1,5,0,0,0,500
25,124,39,42,7,5,4,33,13,5,2,5,47,93,3,22,1,679
32,158,46,50,7,4,0,17,11,3,10,0,7,15,28,8,3,500
32,158,46,50,7,4,0,17,11,3,10,0,2,3,1,2,0,500
29,146,40,47,6,5,1,21,2,2,4,1,7,16,22,9,4,345
29,146,40,47,6,5,1,21,2,2,4,1,14,61,14,10,5,345
29,146,40,47,6,5,1,21,2,2,4,1,5,5,1,4,0,345
1,4,0,0,0,0,0,0,0,0,0,0,9,27,35,10,2,500
1,4,0,0,0,0,0,0,0,0,0,0,1,3,5,3,0,500
32,138,33,51,6,9,0,44,1,0,10,8,11,6,1,2,0,485
32,138,33,51,6,9,0,44,1,0,10,8,12,1,8,9,1,485
28,135,45,51,10,6,1,29,18,2,11,3,25,83,57,18,4,679
28,135,45,51,10,6,1,29,18,2,11,3,7,23,19,8,1,679
16,80,33,33,7,5,0,11,9,1,6,1,48,87,193,54,25,667
31,147,42,44,5,2,0,26,7,1,13,2,48,67,4,11,1,667
31,147,42,44,5,2,0,26,7,1,13,2,7,1,5,1,1,667
29,145,36,37,5,7,2,23,2,2,9,1,51,145,7,14,2,464
28,128,23,32,3,0,0,18,4,0,2,4,8,5,0,1,0,679
28,128,23,32,3,0,0,18,4,0,2,4,1,1,1,0,1,679
28,128,23,32,3,0,0,18,4,0,2,4,25,8,34,10,0,679
28,128,23,32,3,0,0,18,4,0,2,4,9,4,18,5,1,679
25,118,30,32,6,0,0,13,8,1,4,0,10,24,23,8,2,160
25,118,30,32,6,0,0,13,8,1,4,0,31,30,3,11,0,160
29,137,28,40,4,5,0,19,3,1,2,5,3,27,0,6,0,345
29,137,28,40,4,5,0,19,3,1,2,5,1,5,1,1,0,345
29,137,28,40,4,5,0,19,3,1,2,5,21,37,2,7,1,345
27,133,28,44,10,2,2,27,1,1,0,2,18,47,17,15,3,500
27,133,28,44,10,2,2,27,1,1,0,2,11,49,10,9,1,500
27,133,28,44,10,2,2,27,1,1,0,2,3,1,0,1,0,500
27,133,28,44,10,2,2,27,1,1,0,2,1,0,0,0,0,500
25,120,29,39,11,3,0,16,6,2,2,1,36,396,9,34,19,160
25,120,29,39,11,3,0,16,6,2,2,1,3,4,5,7,1,160
25,120,29,39,11,3,0,16,6,2,2,1,11,27,16,10,1,160
25,120,29,39,11,3,0,16,6,2,2,1,3,7,1,1,0,160
25,120,29,39,11,3,0,16,6,2,2,1,3,6,1,1,0,160
31,157,66,63,10,9,0,34,11,6,13,1,47,167,168,58,22,667
31,157,66,63,10,9,0,34,11,6,13,1,13,31,29,16,4,667
1,5,1,1,1,0,0,1,0,0,0,0,1,0,0,0,0,368
1,5,1,1,1,0,0,1,0,0,0,0,1,3,1,2,0,368
1,3,0,0,0,0,0,0,0,0,1,0,1,1,1,1,0,345
10,36,6,7,0,0,0,1,2,0,2,0,26,101,81,27,16,500
10,36,6,7,0,0,0,1,2,0,2,0,13,26,12,9,1,500
10,36,6,7,0,0,0,1,2,0,2,0,1,1,0,0,0,500
20,94,24,33,9,1,1,21,4,0,2,2,52,84,9,16,2,750
20,94,24,33,9,1,1,21,4,0,2,2,3,1,3,2,0,750
29,128,26,32,3,3,0,23,4,4,9,2,3,0,1,0,0,464
29,128,26,32,3,3,0,23,4,4,9,2,7,13,8,22,3,464
29,152,51,46,3,3,0,24,6,0,4,4,3,1,0,4,0,667
30,134,24,30,4,0,0,21,4,0,7,2,1,0,2,1,0,500
30,134,24,30,4,0,0,21,4,0,7,2,2,0,0,0,0,500
30,134,24,30,4,0,0,21,4,0,7,2,14,2,14,4,0,500
19,87,16,20,2,0,0,10,5,0,2,1,54,134,134,49,22,368
19,87,16,20,2,0,0,10,5,0,2,1,4,1,5,4,0,368
19,87,16,20,2,0,0,10,5,0,2,1,3,2,13,2,0,368
27,118,26,38,8,1,0,26,6,3,3,0,3,17,0,0,1,464
27,118,26,38,8,1,0,26,6,3,3,0,22,78,21,9,2,464
27,118,26,38,8,1,0,26,6,3,3,0,7,10,0,0,0,464
27,118,26,38,8,1,0,26,6,3,3,0,15,24,45,20,5,464
28,150,47,37,7,5,3,30,16,2,10,2,51,110,2,20,1,750
9,34,7,7,1,1,0,3,0,0,1,2,12,36,36,10,1,368
9,34,7,7,1,1,0,3,0,0,1,2,1,0,0,0,0,368
9,34,7,7,1,1,0,3,0,0,1,2,6,13,1,4,0,368
9,34,7,7,1,1,0,3,0,0,1,2,13,16,38,15,4,368
33,147,37,47,7,3,0,18,14,3,4,3,1,0,0,1,0,485
33,147,37,47,7,3,0,18,14,3,4,3,53,119,6,20,1,485
33,158,30,38,6,1,0,25,4,4,3,2,50,109,211,104,9,485
33,158,30,38,6,1,0,25,4,4,3,2,4,0,4,1,0,485
25,123,24,28,3,3,1,22,1,2,3,1,1,9,1,1,2,160
25,123,24,28,3,3,1,22,1,2,3,1,3,3,4,3,0,160
25,123,24,28,3,3,1,22,1,2,3,1,45,72,12,29,3,160
25,123,24,28,3,3,1,22,1,2,3,1,13,8,8,4,0,160
28,147,43,41,8,2,0,16,6,3,3,2,10,72,2,13,3,750
28,147,43,41,8,2,0,16,6,3,3,2,36,99,113,36,19,750
1,6,1,2,0,0,0,1,0,0,0,0,1,11,0,0,0,485
1,6,1,2,0,0,0,1,0,0,0,0,9,26,25,8,1,485
1,6,1,2,0,0,0,1,0,0,0,0,2,6,8,4,0,485
1,6,1,2,0,0,0,1,0,0,0,0,3,4,7,0,0,485
1,6,1,2,0,0,0,1,0,0,0,0,9,10,32,14,1,485
32,162,45,45,9,4,0,29,8,0,4,0,34,59,73,29,1,500
32,162,45,45,9,4,0,29,8,0,4,0,3,0,1,0,0,500
32,162,45,45,9,4,0,29,8,0,4,0,17,32,61,18,5,500
16,63,11,17,1,3,0,3,0,0,5,1,1,5,0,1,0,160
16,63,11,17,1,3,0,3,0,0,5,1,1,0,0,0,0,160
16,63,11,17,1,3,0,3,0,0,5,1,2,1,1,1,0,160
16,63,11,17,1,3,0,3,0,0,5,1,49,81,220,75,15,160
26,120,25,37,3,2,0,21,1,1,3,1,39,384,4,30,20,500
19,88,8,18,1,0,0,12,0,0,4,2,1,1,3,2,0,368
32,136,31,40,3,3,2,17,2,1,8,0,35,87,2,17,0,500
25,118,27,30,6,4,0,20,11,2,2,4,1,1,1,1,0,160
25,118,27,30,6,4,0,20,11,2,2,4,19,81,10,11,2,160
25,118,27,30,6,4,0,20,11,2,2,4,12,18,0,2,0,160
33,168,41,43,3,2,0,22,10,3,4,0,11,29,20,11,1,485
33,168,41,43,3,2,0,22,10,3,4,0,45,105,84,65,5,485
33,168,41,43,3,2,0,22,10,3,4,0,1,0,0,0,0,485
21,94,21,34,3,1,0,9,3,2,2,0,18,35,25,22,8,485
21,94,21,34,3,1,0,9,3,2,2,0,17,100,17,22,1,485
21,94,21,34,3,1,0,9,3,2,2,0,19,15,0,6,0,485
3,12,0,2,1,0,0,1,0,0,0,0,1,4,0,0,0,368
3,12,0,2,1,0,0,1,0,0,0,0,6,18,6,11,0,368
3,12,0,2,1,0,0,1,0,0,0,0,1,2,0,2,0,368
3,12,0,2,1,0,0,1,0,0,0,0,1,0,0,0,0,368
12,48,5,11,3,0,0,5,1,0,1,0,4,49,0,3,0,368
12,48,5,11,3,0,0,5,1,0,1,0,1,2,1,1,0,368
12,48,5,11,3,0,0,5,1,0,1,0,1,3,0,2,0,368
31,148,33,43,8,3,0,30,14,3,3,1,2,2,0,2,0,500
31,148,33,43,8,3,0,30,14,3,3,1,12,30,31,11,6,500
31,148,33,43,8,3,0,30,14,3,3,1,45,79,16,38,1,500
31,148,33,43,8,3,0,30,14,3,3,1,1,1,6,1,0,500
25,122,34,30,7,1,0,17,12,0,8,7,42,429,8,30,20,160
25,122,34,30,7,1,0,17,12,0,8,7,1,6,2,0,0,160
25,122,34,30,7,1,0,17,12,0,8,7,4,3,1,1,0,160
25,122,34,30,7,1,0,17,12,0,8,7,3,2,12,2,0,160
27,134,33,46,7,1,1,33,9,3,9,4,53,198,48,28,7,750
27,134,33,46,7,1,1,33,9,3,9,4,1,1,0,2,0,750
19,89,15,24,3,1,0,10,2,1,2,0,5,2,0,1,0,368
19,89,15,24,3,1,0,10,2,1,2,0,52,27,58,27,1,368
25,132,36,31,3,0,0,17,4,0,7,1,11,4,0,5,0,750
25,132,36,31,3,0,0,17,4,0,7,1,46,22,60,15,2,750
29,148,42,39,4,0,0,12,20,4,6,0,1,0,0,0,0,464
29,148,42,39,4,0,0,12,20,4,6,0,13,34,8,11,0,464
29,148,42,39,4,0,0,12,20,4,6,0,44,60,147,50,9,464
29,136,38,38,0,5,0,32,11,1,8,6,51,117,3,25,1,464
29,136,38,38,0,5,0,32,11,1,8,6,1,0,3,1,0,464
29,153,43,66,9,5,0,43,6,0,1,2,3,13,0,2,2,667
29,153,43,66,9,5,0,43,6,0,1,2,4,12,5,6,0,667
29,153,43,66,9,5,0,43,6,0,1,2,2,4,1,5,0,667
29,153,43,66,9,5,0,43,6,0,1,2,25,82,15,10,0,667
29,153,43,66,9,5,0,43,6,0,1,2,6,13,0,2,0,667
29,153,43,66,9,5,0,43,6,0,1,2,5,11,18,4,0,667
26,130,45,64,9,3,4,40,4,0,2,1,48,86,108,67,7,750
26,130,45,64,9,3,4,40,4,0,2,1,1,0,0,0,0,750
32,157,38,43,6,4,1,24,2,3,3,1,53,515,8,28,14,500
32,157,38,43,6,4,1,24,2,3,3,1,1,2,0,0,0,500
29,142,24,42,2,4,0,18,1,0,1,3,55,138,4,34,1,345
33,163,31,44,5,0,0,20,0,0,4,1,1,1,0,0,0,485
33,163,31,44,5,0,0,20,0,0,4,1,1,0,0,1,0,485
33,163,31,44,5,0,0,20,0,0,4,1,55,36,233,76,10,485
1,3,0,0,0,0,0,0,0,0,1,0,1,1,0,0,0,368
1,3,0,0,0,0,0,0,0,0,1,0,1,0,0,0,0,368
28,130,43,49,10,7,4,39,3,2,5,7,2,6,0,1,0,464
28,130,43,49,10,7,4,39,3,2,5,7,56,47,10,24,5,464
28,145,47,44,7,5,0,22,5,1,6,1,1,1,2,0,0,750
28,145,47,44,7,5,0,22,5,1,6,1,24,36,79,36,2,750
28,145,47,44,7,5,0,22,5,1,6,1,23,35,56,35,3,750
26,133,43,47,7,6,0,34,2,0,5,6,9,12,25,5,2,750
26,133,43,47,7,6,0,34,2,0,5,6,7,17,3,1,0,750
31,149,38,42,7,5,0,28,13,4,3,1,47,90,79,62,7,667
31,149,38,42,7,5,0,28,13,4,3,1,13,28,2,8,1,667
14,65,14,15,3,0,1,10,1,0,4,0,1,0,0,1,0,368
25,127,38,41,5,2,0,23,5,3,0,1,1,0,0,0,0,750
25,127,38,41,5,2,0,23,5,3,0,1,19,42,1,9,0,750
31,144,43,39,10,1,1,31,2,0,8,1,13,1,0,1,0,667
31,144,43,39,10,1,1,31,2,0,8,1,60,40,131,29,2,667
33,161,35,58,5,1,1,34,4,2,3,0,53,413,18,26,19,485
33,161,35,58,5,1,1,34,4,2,3,0,2,0,0,0,0,485
2,9,1,0,0,0,0,1,0,0,2,2,32,17,27,16,1,500
29,128,35,45,3,7,3,23,3,1,1,0,2,1,2,3,0,345
29,128,35,45,3,7,3,23,3,1,1,0,43,74,113,45,3,345
29,128,35,45,3,7,3,23,3,1,1,0,8,13,18,12,2,345
5,19,5,4,1,0,0,4,0,0,1,0,1,1,4,2,0,500
25,124,39,42,7,5,4,33,13,5,2,5,51,108,10,35,4,679
32,158,46,50,7,4,0,17,11,3,10,0,2,3,2,2,0,500
32,158,46,50,7,4,0,17,11,3,10,0,4,3,2,3,0,500
32,158,46,50,7,4,0,17,11,3,10,0,9,13,24,23,0,500
29,146,40,47,6,5,1,21,2,2,4,1,56,229,44,50,4,345
29,146,40,47,6,5,1,21,2,2,4,1,9,4,1,2,0,345
1,4,0,0,0,0,0,0,0,0,0,0,37,85,108,76,9,500
1,4,0,0,0,0,0,0,0,0,0,0,3,3,9,2,0,500
32,138,33,51,6,9,0,44,1,0,10,8,1,0,2,0,0,485
28,135,45,51,10,6,1,29,18,2,11,3,42,141,115,45,27,679
16,80,33,33,7,5,0,11,9,1,6,1,59,89,244,79,16,667
31,147,42,44,5,2,0,26,7,1,13,2,58,61,11,14,1,667
31,147,42,44,5,2,0,26,7,1,13,2,13,2,3,2,1,667
29,145,36,37,5,7,2,23,2,2,9,1,57,180,10,28,1,464
28,128,23,32,3,0,0,18,4,0,2,4,1,1,0,0,0,679
28,128,23,32,3,0,0,18,4,0,2,4,51,22,93,18,4,679
25,118,30,32,6,0,0,13,8,1,4,0,45,125,139,48,7,160
25,118,30,32,6,0,0,13,8,1,4,0,5,10,10,15,0,160
25,118,30,32,6,0,0,13,8,1,4,0,1,0,1,2,0,160
27,133,28,44,10,2,2,27,1,1,0,2,1,1,0,1,0,500
27,133,28,44,10,2,2,27,1,1,0,2,34,161,25,40,2,500
27,133,28,44,10,2,2,27,1,1,0,2,47,28,4,8,0,500
25,120,29,39,11,3,0,16,6,2,2,1,24,229,5,16,9,160
25,120,29,39,11,3,0,16,6,2,2,1,20,38,33,21,2,160
25,120,29,39,11,3,0,16,6,2,2,1,1,0,0,0,0,160
25,120,29,39,11,3,0,16,6,2,2,1,8,11,1,4,0,160
25,120,29,39,11,3,0,16,6,2,2,1,6,5,18,8,0,160
31,157,66,63,10,9,0,34,11,6,13,1,51,160,167,55,31,667
31,157,66,63,10,9,0,34,11,6,13,1,1,1,0,2,0,667
1,3,0,0,0,0,0,0,0,0,1,0,41,111,124,54,20,345
1,3,0,0,0,0,0,0,0,0,1,0,7,13,1,6,0,345
1,3,0,0,0,0,0,0,0,0,1,0,5,10,11,9,0,345
10,36,6,7,0,0,0,1,2,0,2,0,12,29,33,11,2,500
10,36,6,7,0,0,0,1,2,0,2,0,9,6,2,4,0,500
20,94,24,33,9,1,1,21,4,0,2,2,28,38,0,14,0,750
20,94,24,33,9,1,1,21,4,0,2,2,6,2,6,9,0,750
30,134,24,30,4,0,0,21,4,0,7,2,21,24,41,22,1,500
30,134,24,30,4,0,0,21,4,0,7,2,2,1,0,0,0,500
30,134,24,30,4,0,0,21,4,0,7,2,30,8,33,9,2,500
19,87,16,20,2,0,0,10,5,0,2,1,13,30,34,18,2,368
19,87,16,20,2,0,0,10,5,0,2,1,51,40,133,50,5,368
27,118,26,38,8,1,0,26,6,3,3,0,1,1,1,0,0,464
27,118,26,38,8,1,0,26,6,3,3,0,54,175,138,75,27,464
27,118,26,38,8,1,0,26,6,3,3,0,5,12,4,8,0,464
28,150,47,37,7,5,3,30,16,2,10,2,4,15,2,6,0,750
28,150,47,37,7,5,3,30,16,2,10,2,55,135,10,35,1,750
6,22,3,4,0,1,0,2,0,0,2,0,2,3,4,2,0,368
6,22,3,4,0,1,0,2,0,0,2,0,46,75,6,18,2,368
6,22,3,4,0,1,0,2,0,0,2,0,1,0,1,1,0,368
9,34,7,7,1,1,0,3,0,0,1,2,1,1,1,1,0,368
9,34,7,7,1,1,0,3,0,0,1,2,3,2,0,1,0,368
9,34,7,7,1,1,0,3,0,0,1,2,2,1,3,3,0,368
33,147,37,47,7,3,0,18,14,3,4,3,2,5,3,1,0,485
33,147,37,47,7,3,0,18,14,3,4,3,57,135,9,15,3,485
33,158,30,38,6,1,0,25,4,4,3,2,55,79,158,75,1,485
33,158,30,38,6,1,0,25,4,4,3,2,2,8,1,4,0,485
33,158,30,38,6,1,0,25,4,4,3,2,1,0,3,1,1,485
25,123,24,28,3,3,1,22,1,2,3,1,7,12,12,16,0,160
25,123,24,28,3,3,1,22,1,2,3,1,12,9,4,2,0,160
25,123,24,28,3,3,1,22,1,2,3,1,39,29,46,15,2,160
25,123,24,28,3,3,1,22,1,2,3,1,2,1,1,1,0,160
28,147,43,41,8,2,0,16,6,3,3,2,28,271,10,14,17,750
28,147,43,41,8,2,0,16,6,3,3,2,9,12,29,6,2,750
28,147,43,41,8,2,0,16,6,3,3,2,1,0,0,0,0,750
1,6,1,2,0,0,0,1,0,0,0,0,11,31,26,21,0,485
1,6,1,2,0,0,0,1,0,0,0,0,13,54,9,20,1,485
1,6,1,2,0,0,0,1,0,0,0,0,1,0,0,0,0,485
32,162,45,45,9,4,0,29,8,0,4,0,42,93,113,51,6,500
32,162,45,45,9,4,0,29,8,0,4,0,1,0,2,1,0,500
32,162,45,45,9,4,0,29,8,0,4,0,18,23,66,16,2,500
16,63,11,17,1,3,0,3,0,0,5,1,25,48,61,40,3,160
16,63,11,17,1,3,0,3,0,0,5,1,32,50,119,44,8,160
26,120,25,37,3,2,0,21,1,1,3,1,37,328,9,30,10,500
26,120,25,37,3,2,0,21,1,1,3,1,19,38,2,13,1,500
31,151,38,43,9,2,2,32,6,2,3,1,32,344,4,18,11,667
31,151,38,43,9,2,2,32,6,2,3,1,1,4,2,1,0,667
32,136,31,40,3,3,2,17,2,1,8,0,47,85,5,21,2,500
25,118,27,30,6,4,0,20,11,2,2,4,1,4,2,2,0,160
25,118,27,30,6,4,0,20,11,2,2,4,39,117,29,48,4,160
25,118,27,30,6,4,0,20,11,2,2,4,26,23,2,9,0,160
25,118,27,30,6,4,0,20,11,2,2,4,1,1,1,1,0,160
33,168,41,43,3,2,0,22,10,3,4,0,1,3,0,2,0,485
33,168,41,43,3,2,0,22,10,3,4,0,7,16,13,7,2,485
33,168,41,43,3,2,0,22,10,3,4,0,58,171,3,25,0,485
33,168,41,43,3,2,0,22,10,3,4,0,3,2,5,0,1,485
33,168,41,43,3,2,0,22,10,3,4,0,1,0,1,1,0,485
21,94,21,34,3,1,0,9,3,2,2,0,1,2,0,1,0,485
21,94,21,34,3,1,0,9,3,2,2,0,48,248,45,51,4,485
21,94,21,34,3,1,0,9,3,2,2,0,33,13,2,18,0,485
28,130,32,36,4,1,2,25,3,0,7,0,1,0,0,1,0,679
28,130,32,36,4,1,2,25,3,0,7,0,3,7,5,5,0,679
28,130,32,36,4,1,2,25,3,0,7,0,3,2,1,4,0,679
28,130,32,36,4,1,2,25,3,0,7,0,18,32,1,7,0,679
3,12,0,2,1,0,0,1,0,0,0,0,1,14,1,6,0,368
31,148,33,43,8,3,0,30,14,3,3,1,11,24,28,9,4,500
31,148,33,43,8,3,0,30,14,3,3,1,51,90,6,23,1,500
31,148,33,43,8,3,0,30,14,3,3,1,11,15,40,12,8,500
25,122,34,30,7,1,0,17,12,0,8,7,56,488,8,55,31,160
27,134,33,46,7,1,1,33,9,3,9,4,47,193,58,55,2,750
19,89,15,24,3,1,0,10,2,1,2,0,1,1,1,0,1,368
19,89,15,24,3,1,0,10,2,1,2,0,1,0,0,0,0,368
19,89,15,24,3,1,0,10,2,1,2,0,65,29,101,38,2,368
25,132,36,31,3,0,0,17,4,0,7,1,55,21,61,17,1,750
29,148,42,39,4,0,0,12,20,4,6,0,28,119,20,27,0,464
29,148,42,39,4,0,0,12,20,4,6,0,4,1,0,2,0,464
29,148,42,39,4,0,0,12,20,4,6,0,26,37,96,27,10,464
29,136,38,38,0,5,0,32,11,1,8,6,55,103,5,32,1,464
29,153,43,66,9,5,0,43,6,0,1,2,23,66,9,12,0,667
29,153,43,66,9,5,0,43,6,0,1,2,57,64,7,29,0,667
26,130,45,64,9,3,4,40,4,0,2,1,31,100,65,33,11,750
26,130,45,64,9,3,4,40,4,0,2,1,14,28,25,26,2,750
26,130,45,64,9,3,4,40,4,0,2,1,5,4,0,4,0,750
26,130,45,64,9,3,4,40,4,0,2,1,5,2,11,9,0,750
32,157,38,43,6,4,1,24,2,3,3,1,53,522,9,46,12,500
29,142,24,42,2,4,0,18,1,0,1,3,17,16,5,17,1,345
32,151,31,31,2,0,0,13,2,1,1,0,1,4,0,0,0,485
32,151,31,31,2,0,0,13,2,1,1,0,1,0,0,0,0,485
33,163,31,44,5,0,0,20,0,0,4,1,1,0,0,0,0,485
33,163,31,44,5,0,0,20,0,0,4,1,2,1,1,2,0,485
33,163,31,44,5,0,0,20,0,0,4,1,56,63,204,49,7,485
1,3,0,0,0,0,0,0,0,0,1,0,6,7,2,2,1,368
28,130,43,49,10,7,4,39,3,2,5,7,7,24,23,15,1,464
28,130,43,49,10,7,4,39,3,2,5,7,1,1,0,0,0,464
28,130,43,49,10,7,4,39,3,2,5,7,27,70,7,13,1,464
28,130,43,49,10,7,4,39,3,2,5,7,20,38,72,31,0,464
28,145,47,44,7,5,0,22,5,1,6,1,2,7,0,0,0,750
28,145,47,44,7,5,0,22,5,1,6,1,4,13,6,5,2,750
28,145,47,44,7,5,0,22,5,1,6,1,3,1,5,4,0,750
28,145,47,44,7,5,0,22,5,1,6,1,15,15,1,4,0,750
28,145,47,44,7,5,0,22,5,1,6,1,3,4,13,5,1,750
26,133,43,47,7,6,0,34,2,0,5,6,14,24,6,11,1,750
31,149,38,42,7,5,0,28,13,4,3,1,71,136,175,85,17,667
31,149,38,42,7,5,0,28,13,4,3,1,1,0,0,0,0,667
14,65,14,15,3,0,1,10,1,0,4,0,2,2,1,2,0,368
14,65,14,15,3,0,1,10,1,0,4,0,2,1,0,3,0,368
14,65,14,15,3,0,1,10,1,0,4,0,6,3,4,16,0,368
14,65,14,15,3,0,1,10,1,0,4,0,2,1,0,0,0,368
14,65,14,15,3,0,1,10,1,0,4,0,6,5,12,19,0,368
25,127,38,41,5,2,0,23,5,3,0,1,5,5,0,3,0,750
31,144,43,39,10,1,1,31,2,0,8,1,6,5,0,1,0,667
31,144,43,39,10,1,1,31,2,0,8,1,71,38,143,31,3,667
33,161,35,58,5,1,1,34,4,2,3,0,63,560,13,23,13,485
33,161,35,58,5,1,1,34,4,2,3,0,2,0,0,0,0,485
2,9,1,0,0,0,0,1,0,0,2,2,19,17,0,7,0,500
2,9,1,0,0,0,0,1,0,0,2,2,22,14,20,20,1,500
29,128,35,45,3,7,3,23,3,1,1,0,36,62,72,28,4,345
29,128,35,45,3,7,3,23,3,1,1,0,20,17,64,20,3,345
5,19,5,4,1,0,0,4,0,0,1,0,8,19,12,17,3,500
5,19,5,4,1,0,0,4,0,0,1,0,10,14,44,8,3,500
5,19,5,4,1,0,0,4,0,0,1,0,1,0,0,0,0,500
25,124,39,42,7,5,4,33,13,5,2,5,35,50,14,17,3,679
29,146,40,47,6,5,1,21,2,2,4,1,1,8,0,3,0,345
29,146,40,47,6,5,1,21,2,2,4,1,58,253,39,56,2,345
29,146,40,47,6,5,1,21,2,2,4,1,21,12,1,11,0,345
1,4,0,0,0,0,0,0,0,0,0,0,45,83,183,74,6,500
1,4,0,0,0,0,0,0,0,0,0,0,3,4,3,7,0,500
16,80,33,33,7,5,0,11,9,1,6,1,1,0,1,0,0,667
16,80,33,33,7,5,0,11,9,1,6,1,60,97,197,64,23,667
31,147,42,44,5,2,0,26,7,1,13,2,40,57,5,13,3,667
31,147,42,44,5,2,0,26,7,1,13,2,6,1,8,1,0,667
29,145,36,37,5,7,2,23,2,2,9,1,50,161,6,27,0,464
28,128,23,32,3,0,0,18,4,0,2,4,57,27,99,31,1,679
25,118,30,32,6,0,0,13,8,1,4,0,2,3,7,3,0,160
25,118,30,32,6,0,0,13,8,1,4,0,68,91,14,33,2,160
29,137,28,40,4,5,0,19,3,1,2,5,23,252,2,21,6,345
29,137,28,40,4,5,0,19,3,1,2,5,1,11,0,2,0,345
29,137,28,40,4,5,0,19,3,1,2,5,2,3,2,3,0,345
29,137,28,40,4,5,0,19,3,1,2,5,1,6,1,6,0,345
29,137,28,40,4,5,0,19,3,1,2,5,1,0,0,1,0,345
29,137,28,40,4,5,0,19,3,1,2,5,3,5,0,0,0,345
29,137,28,40,4,5,0,19,3,1,2,5,37,34,17,14,2,345
27,133,28,44,10,2,2,27,1,1,0,2,2,12,0,2,0,500
27,133,28,44,10,2,2,27,1,1,0,2,59,338,57,46,5,500
27,133,28,44,10,2,2,27,1,1,0,2,2,1,0,0,0,500
25,120,29,39,11,3,0,16,6,2,2,1,32,269,14,24,13,160
25,120,29,39,11,3,0,16,6,2,2,1,5,2,8,3,1,160
25,120,29,39,11,3,0,16,6,2,2,1,13,41,14,15,1,160
25,120,29,39,11,3,0,16,6,2,2,1,25,40,13,12,5,160
31,157,66,63,10,9,0,34,11,6,13,1,76,253,252,71,35,667
31,157,66,63,10,9,0,34,11,6,13,1,3,4,0,2,0,667
31,157,66,63,10,9,0,34,11,6,13,1,2,0,1,1,0,667
1,3,0,0,0,0,0,0,0,0,1,0,62,168,211,61,22,345
1,3,0,0,0,0,0,0,0,0,1,0,6,9,19,4,1,345
1,3,0,0,0,0,0,0,0,0,1,0,2,2,0,3,0,345
1,3,0,0,0,0,0,0,0,0,1,0,1,1,0,0,0,345
10,36,6,7,0,0,0,1,2,0,2,0,8,21,15,8,4,500
10,36,6,7,0,0,0,1,2,0,2,0,30,50,2,8,1,500
20,94,24,33,9,1,1,21,4,0,2,2,31,60,4,15,1,750
20,94,24,33,9,1,1,21,4,0,2,2,14,10,24,9,2,750
20,94,24,33,9,1,1,21,4,0,2,2,4,4,5,0,0,750
3,14,2,1,0,0,0,0,0,0,0,0,2,0,3,3,0,679
19,87,16,20,2,0,0,10,5,0,2,1,1,0,0,0,0,368
19,87,16,20,2,0,0,10,5,0,2,1,86,89,240,61,17,368
27,118,26,38,8,1,0,26,6,3,3,0,1,13,0,4,2,464
27,118,26,38,8,1,0,26,6,3,3,0,54,140,152,49,28,464
27,118,26,38,8,1,0,26,6,3,3,0,4,10,10,5,0,464
27,118,26,38,8,1,0,26,6,3,3,0,1,0,1,0,0,464
27,118,26,38,8,1,0,26,6,3,3,0,2,4,1,2,0,464
27,118,26,38,8,1,0,26,6,3,3,0,9,12,39,15,2,464
28,150,47,37,7,5,3,30,16,2,10,2,1,1,0,1,0,750
28,150,47,37,7,5,3,30,16,2,10,2,3,1,2,5,0,750
28,150,47,37,7,5,3,30,16,2,10,2,67,102,2,17,0,750
33,147,37,47,7,3,0,18,14,3,4,3,66,132,7,12,3,485
33,158,30,38,6,1,0,25,4,4,3,2,85,173,157,69,7,485
33,158,30,38,6,1,0,25,4,4,3,2,1,0,0,0,0,485
25,123,24,28,3,3,1,22,1,2,3,1,5,2,1,1,1,160
25,123,24,28,3,3,1,22,1,2,3,1,41,33,53,10,1,160
28,147,43,41,8,2,0,16,6,3,3,2,46,450,6,20,25,750
28,147,43,41,8,2,0,16,6,3,3,2,5,10,9,1,0,750
28,147,43,41,8,2,0,16,6,3,3,2,10,7,1,3,0,750
1,6,1,2,0,0,0,1,0,0,0,0,10,24,23,15,1,485
1,6,1,2,0,0,0,1,0,0,0,0,1,1,3,1,1,485
1,6,1,2,0,0,0,1,0,0,0,0,1,0,0,0,0,485
1,6,1,2,0,0,0,1,0,0,0,0,11,34,7,16,1,485
1,6,1,2,0,0,0,1,0,0,0,0,1,1,0,1,0,485
1,6,1,2,0,0,0,1,0,0,0,0,3,2,7,1,1,485
1,6,1,2,0,0,0,1,0,0,0,0,2,1,6,2,0,485
1,6,1,2,0,0,0,1,0,0,0,0,9,9,19,8,0,485
32,162,45,45,9,4,0,29,8,0,4,0,2,3,1,1,0,500
32,162,45,45,9,4,0,29,8,0,4,0,77,116,259,48,22,500
16,63,11,17,1,3,0,3,0,0,5,1,17,28,28,15,4,160
16,63,11,17,1,3,0,3,0,0,5,1,53,77,181,51,7,160
26,120,25,37,3,2,0,21,1,1,3,1,29,309,0,26,10,500
26,120,25,37,3,2,0,21,1,1,3,1,44,103,3,12,1,500
19,88,8,18,1,0,0,12,0,0,4,2,13,12,23,8,2,368
31,151,38,43,9,2,2,32,6,2,3,1,26,329,3,19,8,667
31,151,38,43,9,2,2,32,6,2,3,1,1,2,0,5,0,667
31,151,38,43,9,2,2,32,6,2,3,1,1,1,0,1,0,667
32,136,31,40,3,3,2,17,2,1,8,0,1,1,0,0,0,500
32,136,31,40,3,3,2,17,2,1,8,0,77,165,8,22,2,500
5,25,7,5,0,0,0,2,1,1,2,0,1,1,1,3,0,368
5,25,7,5,0,0,0,2,1,1,2,0,1,0,0,0,0,368
5,25,7,5,0,0,0,2,1,1,2,0,13,14,32,16,2,368
5,25,7,5,0,0,0,2,1,1,2,0,43,52,134,57,3,368
25,118,27,30,6,4,0,20,11,2,2,4,3,2,7,3,0,160
25,118,27,30,6,4,0,20,11,2,2,4,46,171,53,51,2,160
25,118,27,30,6,4,0,20,11,2,2,4,29,29,8,11,0,160
33,168,41,43,3,2,0,22,10,3,4,0,1,2,0,0,0,485
21,94,21,34,3,1,0,9,3,2,2,0,2,12,0,3,0,485
21,94,21,34,3,1,0,9,3,2,2,0,13,34,38,17,2,485
21,94,21,34,3,1,0,9,3,2,2,0,6,23,14,9,1,485
21,94,21,34,3,1,0,9,3,2,2,0,24,110,14,27,0,485
21,94,21,34,3,1,0,9,3,2,2,0,8,27,7,12,0,485
21,94,21,34,3,1,0,9,3,2,2,0,14,11,1,3,0,485
21,94,21,34,3,1,0,9,3,2,2,0,3,2,0,0,0,485
31,148,33,43,8,3,0,30,14,3,3,1,2,2,3,0,0,500
31,148,33,43,8,3,0,30,14,3,3,1,3,6,6,7,2,500
31,148,33,43,8,3,0,30,14,3,3,1,73,125,12,33,0,500
31,148,33,43,8,3,0,30,14,3,3,1,3,5,10,3,0,500
27,134,33,46,7,1,1,33,9,3,9,4,22,203,1,18,4,750
27,134,33,46,7,1,1,33,9,3,9,4,6,16,6,9,3,750
27,134,33,46,7,1,1,33,9,3,9,4,2,4,0,1,0,750
19,89,15,24,3,1,0,10,2,1,2,0,1,0,0,0,0,368
19,89,15,24,3,1,0,10,2,1,2,0,70,44,106,29,4,368
25,132,36,31,3,0,0,17,4,0,7,1,1,0,0,0,0,750
25,132,36,31,3,0,0,17,4,0,7,1,60,28,77,5,4,750
29,148,42,39,4,0,0,12,20,4,6,0,23,64,88,24,6,464
29,148,42,39,4,0,0,12,20,4,6,0,27,50,51,35,2,464
29,148,42,39,4,0,0,12,20,4,6,0,3,5,1,1,0,464
29,148,42,39,4,0,0,12,20,4,6,0,18,19,51,19,3,464
29,136,38,38,0,5,0,32,11,1,8,6,54,112,4,23,2,464
29,136,38,38,0,5,0,32,11,1,8,6,4,0,0,1,0,464
29,153,43,66,9,5,0,43,6,0,1,2,55,532,13,29,28,667
29,153,43,66,9,5,0,43,6,0,1,2,16,74,21,14,1,667
29,153,43,66,9,5,0,43,6,0,1,2,23,29,2,5,0,667
29,153,43,66,9,5,0,43,6,0,1,2,3,1,2,1,0,667
26,130,45,64,9,3,4,40,4,0,2,1,16,174,2,14,6,750
26,130,45,64,9,3,4,40,4,0,2,1,36,98,91,31,9,750
26,130,45,64,9,3,4,40,4,0,2,1,20,22,17,19,2,750
32,157,38,43,6,4,1,24,2,3,3,1,80,737,12,44,40,500
29,142,24,42,2,4,0,18,1,0,1,3,42,97,5,25,1,345
29,142,24,42,2,4,0,18,1,0,1,3,6,9,0,2,0,345
29,142,24,42,2,4,0,18,1,0,1,3,1,1,1,1,0,345
32,151,31,31,2,0,0,13,2,1,1,0,7,11,10,12,0,485
32,151,31,31,2,0,0,13,2,1,1,0,7,8,0,3,0,485
33,163,31,44,5,0,0,20,0,0,4,1,2,0,1,1,0,485
33,163,31,44,5,0,0,20,0,0,4,1,70,74,262,69,17,485
1,3,0,0,0,0,0,0,0,0,1,0,2,2,1,0,0,368
28,130,43,49,10,7,4,39,3,2,5,7,10,20,26,6,1,464
28,130,43,49,10,7,4,39,3,2,5,7,2,2,1,2,1,464
28,130,43,49,10,7,4,39,3,2,5,7,64,111,5,15,2,464
28,130,43,49,10,7,4,39,3,2,5,7,1,1,0,1,0,464
5,17,8,4,0,0,0,2,3,1,4,0,10,50,12,10,0,368
5,17,8,4,0,0,0,2,3,1,4,0,3,9,1,2,0,368
5,17,8,4,0,0,0,2,3,1,4,0,11,32,10,12,0,368
5,17,8,4,0,0,0,2,3,1,4,0,1,2,0,0,0,368
5,17,8,4,0,0,0,2,3,1,4,0,3,4,0,4,0,368
5,17,8,4,0,0,0,2,3,1,4,0,10,4,0,9,0,368
28,145,47,44,7,5,0,22,5,1,6,1,5,5,23,15,0,750
26,133,43,47,7,6,0,34,2,0,5,6,1,1,2,3,0,750
26,133,43,47,7,6,0,34,2,0,5,6,2,1,0,0,0,750
31,149,38,42,7,5,0,28,13,4,3,1,51,73,109,47,4,667
31,149,38,42,7,5,0,28,13,4,3,1,1,1,0,0,0,667
14,65,14,15,3,0,1,10,1,0,4,0,1,11,0,0,0,368
27,129,29,28,6,1,0,17,4,1,1,0,3,27,2,1,0,679
27,129,29,28,6,1,0,17,4,1,1,0,10,10,1,4,0,679
31,144,43,39,10,1,1,31,2,0,8,1,4,28,0,0,0,667
31,144,43,39,10,1,1,31,2,0,8,1,18,11,0,6,0,667
31,144,43,39,10,1,1,31,2,0,8,1,72,51,133,19,10,667
33,161,35,58,5,1,1,34,4,2,3,0,69,702,12,39,20,485
2,9,1,0,0,0,0,1,0,0,2,2,7,10,1,5,1,500
2,9,1,0,0,0,0,1,0,0,2,2,17,13,19,16,0,500
29,128,35,45,3,7,3,23,3,1,1,0,2,15,0,1,1,345
29,128,35,45,3,7,3,23,3,1,1,0,73,133,168,74,10,345
29,128,35,45,3,7,3,23,3,1,1,0,1,2,0,0,0,345
29,128,35,45,3,7,3,23,3,1,1,0,2,0,0,1,0,345
29,128,35,45,3,7,3,23,3,1,1,0,1,0,0,0,0,345
5,19,5,4,1,0,0,4,0,0,1,0,19,56,45,21,5,500
25,124,39,42,7,5,4,33,13,5,2,5,11,26,2,5,1,679
25,124,39,42,7,5,4,33,13,5,2,5,43,106,3,18,1,679
32,158,46,50,7,4,0,17,11,3,10,0,5,5,7,10,1,500
29,146,40,47,6,5,1,21,2,2,4,1,1,9,0,1,0,345
29,146,40,47,6,5,1,21,2,2,4,1,75,355,87,60,6,345
29,146,40,47,6,5,1,21,2,2,4,1,14,4,1,2,0,345
1,4,0,0,0,0,0,0,0,0,0,0,2,2,2,2,0,500
1,4,0,0,0,0,0,0,0,0,0,0,59,99,136,54,4,500
1,4,0,0,0,0,0,0,0,0,0,0,5,11,0,2,0,500
1,4,0,0,0,0,0,0,0,0,0,0,5,3,17,7,0,500
16,80,33,33,7,5,0,11,9,1,6,1,2,0,1,0,0,667
16,80,33,33,7,5,0,11,9,1,6,1,79,95,253,56,20,667
31,147,42,44,5,2,0,26,7,1,13,2,1,1,0,0,0,667
29,145,36,37,5,7,2,23,2,2,9,1,86,190,7,30,1,464
28,128,23,32,3,0,0,18,4,0,2,4,3,21,0,6,0,679
28,128,23,32,3,0,0,18,4,0,2,4,31,21,62,7,0,679
28,128,23,32,3,0,0,18,4,0,2,4,21,14,28,1,3,679
25,118,30,32,6,0,0,13,8,1,4,0,32,46,6,13,0,160
29,137,28,40,4,5,0,19,3,1,2,5,8,90,1,4,2,345
29,137,28,40,4,5,0,19,3,1,2,5,23,34,11,12,1,345
27,133,28,44,10,2,2,27,1,1,0,2,40,201,43,33,2,500
27,133,28,44,10,2,2,27,1,1,0,2,6,5,0,1,0,500
25,120,29,39,11,3,0,16,6,2,2,1,66,135,147,50,8,160
25,120,29,39,11,3,0,16,6,2,2,1,2,2,0,0,0,160
31,157,66,63,10,9,0,34,11,6,13,1,66,167,199,36,22,667
31,157,66,63,10,9,0,34,11,6,13,1,1,0,0,0,0,667
1,3,0,0,0,0,0,0,0,0,1,0,1,3,1,0,0,345
1,3,0,0,0,0,0,0,0,0,1,0,63,115,145,40,8,345
20,94,24,33,9,1,1,21,4,0,2,2,14,14,1,2,0,750
20,94,24,33,9,1,1,21,4,0,2,2,2,3,0,4,0,750
19,87,16,20,2,0,0,10,5,0,2,1,68,74,218,39,9,368
27,118,26,38,8,1,0,26,6,3,3,0,42,95,84,41,7,464
27,118,26,38,8,1,0,26,6,3,3,0,11,57,21,26,2,464
27,118,26,38,8,1,0,26,6,3,3,0,6,6,17,5,1,464
28,150,47,37,7,5,3,30,16,2,10,2,63,95,7,19,2,750
33,147,37,47,7,3,0,18,14,3,4,3,39,109,6,11,1,485
33,158,30,38,6,1,0,25,4,4,3,2,69,124,133,54,5,485
25,123,24,28,3,3,1,22,1,2,3,1,1,4,0,0,0,160
25,123,24,28,3,3,1,22,1,2,3,1,11,12,1,1,0,160
25,123,24,28,3,3,1,22,1,2,3,1,28,19,27,12,0,160
25,123,24,28,3,3,1,22,1,2,3,1,1,3,1,2,0,160
28,147,43,41,8,2,0,16,6,3,3,2,14,141,4,3,3,750
28,147,43,41,8,2,0,16,6,3,3,2,21,45,65,22,7,750
28,147,43,41,8,2,0,16,6,3,3,2,24,46,5,5,1,750
28,147,43,41,8,2,0,16,6,3,3,2,1,2,1,0,0,750
32,162,45,45,9,4,0,29,8,0,4,0,2,2,3,2,0,500
32,162,45,45,9,4,0,29,8,0,4,0,60,108,237,39,11,500
32,162,45,45,9,4,0,29,8,0,4,0,1,2,3,1,0,500
16,63,11,17,1,3,0,3,0,0,5,1,66,83,209,47,13,160
26,120,25,37,3,2,0,21,1,1,3,1,15,112,0,8,4,500
26,120,25,37,3,2,0,21,1,1,3,1,56,128,5,18,1,500
31,151,38,43,9,2,2,32,6,2,3,1,61,584,13,39,28,667
31,151,38,43,9,2,2,32,6,2,3,1,2,0,1,1,0,667
32,136,31,40,3,3,2,17,2,1,8,0,60,150,7,39,3,500
5,25,7,5,0,0,0,2,1,1,2,0,4,4,6,6,0,368
5,25,7,5,0,0,0,2,1,1,2,0,2,0,0,0,0,368
5,25,7,5,0,0,0,2,1,1,2,0,50,45,172,67,7,368
25,118,27,30,6,4,0,20,11,2,2,4,5,24,6,11,0,160
25,118,27,30,6,4,0,20,11,2,2,4,65,98,11,16,4,160
33,168,41,43,3,2,0,22,10,3,4,0,1,1,4,1,0,485
17,75,18,23,4,2,0,13,1,0,2,0,1,6,0,2,0,750
21,94,21,34,3,1,0,9,3,2,2,0,1,3,2,0,0,485
21,94,21,34,3,1,0,9,3,2,2,0,13,38,14,14,0,485
21,94,21,34,3,1,0,9,3,2,2,0,59,57,16,11,1,485
21,94,21,34,3,1,0,9,3,2,2,0,1,1,3,1,0,485
31,148,33,43,8,3,0,30,14,3,3,1,30,89,81,29,10,500
31,148,33,43,8,3,0,30,14,3,3,1,35,68,6,6,2,500
25,122,34,30,7,1,0,17,12,0,8,7,5,14,10,4,2,160
25,122,34,30,7,1,0,17,12,0,8,7,2,3,0,2,0,160
25,122,34,30,7,1,0,17,12,0,8,7,41,42,114,20,6,160
27,134,33,46,7,1,1,33,9,3,9,4,20,78,30,31,0,750
27,134,33,46,7,1,1,33,9,3,9,4,3,3,0,0,0,750
27,134,33,46,7,1,1,33,9,3,9,4,1,1,2,1,0,750
19,89,15,24,3,1,0,10,2,1,2,0,1,0,0,0,0,368
19,89,15,24,3,1,0,10,2,1,2,0,56,41,78,28,0,368
25,132,36,31,3,0,0,17,4,0,7,1,1,0,0,0,0,750
25,132,36,31,3,0,0,17,4,0,7,1,4,0,5,1,0,750
29,148,42,39,4,0,0,12,20,4,6,0,56,132,180,39,16,464
29,148,42,39,4,0,0,12,20,4,6,0,1,0,4,0,0,464
29,148,42,39,4,0,0,12,20,4,6,0,5,14,1,5,1,464
29,148,42,39,4,0,0,12,20,4,6,0,1,0,0,0,0,464
29,153,43,66,9,5,0,43,6,0,1,2,55,485,10,21,21,667
29,153,43,66,9,5,0,43,6,0,1,2,1,2,0,0,0,667
29,153,43,66,9,5,0,43,6,0,1,2,6,23,1,2,0,667
29,153,43,66,9,5,0,43,6,0,1,2,1,0,0,0,0,667
29,153,43,66,9,5,0,43,6,0,1,2,11,1,13,4,0,667
26,130,45,64,9,3,4,40,4,0,2,1,3,8,8,2,1,750
26,130,45,64,9,3,4,40,4,0,2,1,49,84,101,49,4,750
26,130,45,64,9,3,4,40,4,0,2,1,3,3,0,1,0,750
26,130,45,64,9,3,4,40,4,0,2,1,2,3,1,0,0,750
32,157,38,43,6,4,1,24,2,3,3,1,63,644,7,42,13,500
33,163,31,44,5,0,0,20,0,0,4,1,1,2,1,2,0,485
33,163,31,44,5,0,0,20,0,0,4,1,1,2,0,0,0,485
33,163,31,44,5,0,0,20,0,0,4,1,23,23,87,12,6,485
1,3,0,0,0,0,0,0,0,0,1,0,1,3,1,3,0,368
1,3,0,0,0,0,0,0,0,0,1,0,1,2,0,1,0,368
28,130,43,49,10,7,4,39,3,2,5,7,2,8,3,2,2,464
28,130,43,49,10,7,4,39,3,2,5,7,62,82,13,11,5,464
31,149,38,42,7,5,0,28,13,4,3,1,70,122,146,63,8,667
31,144,43,39,10,1,1,31,2,0,8,1,3,6,0,0,0,667
31,144,43,39,10,1,1,31,2,0,8,1,10,7,2,3,0,667
31,144,43,39,10,1,1,31,2,0,8,1,61,45,92,7,7,667
31,144,43,39,10,1,1,31,2,0,8,1,1,0,0,0,0,667
33,161,35,58,5,1,1,34,4,2,3,0,56,547,10,21,11,485
29,128,35,45,3,7,3,23,3,1,1,0,29,324,11,31,6,345
29,128,35,45,3,7,3,23,3,1,1,0,15,47,32,16,7,345
29,128,35,45,3,7,3,23,3,1,1,0,8,11,8,9,0,345
29,128,35,45,3,7,3,23,3,1,1,0,4,8,1,2,0,345
5,19,5,4,1,0,0,4,0,0,1,0,55,167,158,51,30,500
5,19,5,4,1,0,0,4,0,0,1,0,1,2,0,3,0,500
25,124,39,42,7,5,4,33,13,5,2,5,57,202,9,39,1,679
29,146,40,47,6,5,1,21,2,2,4,1,3,15,0,3,0,345
29,146,40,47,6,5,1,21,2,2,4,1,1,0,0,0,0,345
29,146,40,47,6,5,1,21,2,2,4,1,63,295,50,64,3,345
29,146,40,47,6,5,1,21,2,2,4,1,3,8,0,2,0,345
29,146,40,47,6,5,1,21,2,2,4,1,1,0,1,0,0,345
16,80,33,33,7,5,0,11,9,1,6,1,2,7,2,1,0,667
16,80,33,33,7,5,0,11,9,1,6,1,1,0,0,0,0,667
16,80,33,33,7,5,0,11,9,1,6,1,68,89,251,43,16,667
31,147,42,44,5,2,0,26,7,1,13,2,1,0,0,0,0,667
29,145,36,37,5,7,2,23,2,2,9,1,67,153,8,18,1,464
28,128,23,32,3,0,0,18,4,0,2,4,7,62,2,5,4,679
28,128,23,32,3,0,0,18,4,0,2,4,1,0,0,0,0,679
28,128,23,32,3,0,0,18,4,0,2,4,1,1,1,1,0,679
28,128,23,32,3,0,0,18,4,0,2,4,28,7,36,5,2,679
25,118,30,32,6,0,0,13,8,1,4,0,57,74,17,22,5,160
27,133,28,44,10,2,2,27,1,1,0,2,29,127,36,19,4,500
25,120,29,39,11,3,0,16,6,2,2,1,40,74,77,20,9,160
25,120,29,39,11,3,0,16,6,2,2,1,31,103,41,22,5,160
31,157,66,63,10,9,0,34,11,6,13,1,22,49,70,23,5,667
22,89,18,27,1,10,3,18,0,1,3,4,1,0,0,0,0,345
1,3,0,0,0,0,0,0,0,0,1,0,21,54,59,24,4,345
1,3,0,0,0,0,0,0,0,0,1,0,32,58,77,29,6,345
1,3,0,0,0,0,0,0,0,0,1,0,5,4,0,2,0,345
1,3,0,0,0,0,0,0,0,0,1,0,1,0,0,0,0,345
19,87,16,20,2,0,0,10,5,0,2,1,60,49,203,53,11,368
27,118,26,38,8,1,0,26,6,3,3,0,57,71,175,26,15,464
28,150,47,37,7,5,3,30,16,2,10,2,12,34,5,8,2,750
33,147,37,47,7,3,0,18,14,3,4,3,33,60,8,11,3,485
33,158,30,38,6,1,0,25,4,4,3,2,56,109,155,50,6,485
33,158,30,38,6,1,0,25,4,4,3,2,3,4,4,1,0,485
25,123,24,28,3,3,1,22,1,2,3,1,1,0,2,1,0,160
32,162,45,45,9,4,0,29,8,0,4,0,8,11,15,2,0,500
32,162,45,45,9,4,0,29,8,0,4,0,50,75,160,22,9,500
26,120,25,37,3,2,0,21,1,1,3,1,14,160,4,13,9,500
26,120,25,37,3,2,0,21,1,1,3,1,36,66,7,4,1,500
31,151,38,43,9,2,2,32,6,2,3,1,24,229,9,20,13,667
31,151,38,43,9,2,2,32,6,2,3,1,1,2,0,0,0,667
32,136,31,40,3,3,2,17,2,1,8,0,61,92,7,11,1,500
5,25,7,5,0,0,0,2,1,1,2,0,16,52,36,15,8,368
5,25,7,5,0,0,0,2,1,1,2,0,19,27,1,7,1,368
25,118,27,30,6,4,0,20,11,2,2,4,20,63,24,23,1,160
25,118,27,30,6,4,0,20,11,2,2,4,1,0,0,0,0,160
31,148,33,43,8,3,0,30,14,3,3,1,37,79,5,12,2,500
31,148,33,43,8,3,0,30,14,3,3,1,21,28,48,12,3,500
19,89,15,24,3,1,0,10,2,1,2,0,1,0,0,0,0,368
19,89,15,24,3,1,0,10,2,1,2,0,15,7,18,4,0,368
19,89,15,24,3,1,0,10,2,1,2,0,1,1,1,3,0,368
29,148,42,39,4,0,0,12,20,4,6,0,39,125,140,35,12,464
29,148,42,39,4,0,0,12,20,4,6,0,19,39,41,7,0,464
29,153,43,66,9,5,0,43,6,0,1,2,1,17,0,1,0,667
29,153,43,66,9,5,0,43,6,0,1,2,1,1,4,0,1,667
29,153,43,66,9,5,0,43,6,0,1,2,17,18,23,8,0,667
29,153,43,66,9,5,0,43,6,0,1,2,40,137,34,28,3,667
29,153,43,66,9,5,0,43,6,0,1,2,17,6,14,5,0,667
26,130,45,64,9,3,4,40,4,0,2,1,12,28,38,8,1,750
26,130,45,64,9,3,4,40,4,0,2,1,1,1,0,0,0,750
26,130,45,64,9,3,4,40,4,0,2,1,18,26,48,16,4,750
33,163,31,44,5,0,0,20,0,0,4,1,8,7,31,2,3,485
28,130,43,49,10,7,4,39,3,2,5,7,22,62,57,23,5,464
28,130,43,49,10,7,4,39,3,2,5,7,38,79,10,22,1,464
28,130,43,49,10,7,4,39,3,2,5,7,2,3,8,6,1,464
5,17,8,4,0,0,0,2,3,1,4,0,4,7,1,4,0,368
31,149,38,42,7,5,0,28,13,4,3,1,9,16,5,5,1,667
31,149,38,42,7,5,0,28,13,4,3,1,23,17,1,11,0,667
31,149,38,42,7,5,0,28,13,4,3,1,1,1,2,1,0,667
31,144,43,39,10,1,1,31,2,0,8,1,45,472,21,21,23,667
31,144,43,39,10,1,1,31,2,0,8,1,13,37,50,8,6,667
31,144,43,39,10,1,1,31,2,0,8,1,2,0,5,3,0,667
31,144,43,39,10,1,1,31,2,0,8,1,4,2,6,1,0,667
33,161,35,58,5,1,1,34,4,2,3,0,60,704,10,27,25,485
29,128,35,45,3,7,3,23,3,1,1,0,22,38,31,15,2,345
29,128,35,45,3,7,3,23,3,1,1,0,36,66,91,21,8,345
29,146,40,47,6,5,1,21,2,2,4,1,35,324,13,13,16,345
29,146,40,47,6,5,1,21,2,2,4,1,7,39,5,9,0,345
29,146,40,47,6,5,1,21,2,2,4,1,19,21,4,2,0,345
16,80,33,33,7,5,0,11,9,1,6,1,58,171,209,53,28,667
16,80,33,33,7,5,0,11,9,1,6,1,3,4,8,2,1,667
31,147,42,44,5,2,0,26,7,1,13,2,1,1,1,1,1,667
29,145,36,37,5,7,2,23,2,2,9,1,56,130,5,21,1,464
27,133,28,44,10,2,2,27,1,1,0,2,19,96,27,12,1,500
27,133,28,44,10,2,2,27,1,1,0,2,1,0,0,0,0,500
25,120,29,39,11,3,0,16,6,2,2,1,9,22,26,7,4,160
25,120,29,39,11,3,0,16,6,2,2,1,3,0,5,3,0,160
25,120,29,39,11,3,0,16,6,2,2,1,3,13,5,1,3,160
25,120,29,39,11,3,0,16,6,2,2,1,48,60,6,14,0,160
19,87,16,20,2,0,0,10,5,0,2,1,61,56,207,38,8,368
33,158,30,38,6,1,0,25,4,4,3,2,4,13,10,4,0,485
33,158,30,38,6,1,0,25,4,4,3,2,1,7,2,2,0,485
33,158,30,38,6,1,0,25,4,4,3,2,57,71,226,40,17,485
25,123,24,28,3,3,1,22,1,2,3,1,1,2,1,0,0,160
5,25,7,5,0,0,0,2,1,1,2,0,5,12,12,8,1,368
5,25,7,5,0,0,0,2,1,1,2,0,11,13,2,4,0,368
5,25,7,5,0,0,0,2,1,1,2,0,3,4,0,2,0,368
21,94,21,34,3,1,0,9,3,2,2,0,1,1,1,1,0,485
21,94,21,34,3,1,0,9,3,2,2,0,62,76,27,24,4,485
31,148,33,43,8,3,0,30,14,3,3,1,60,65,8,21,1,500
29,153,43,66,9,5,0,43,6,0,1,2,61,78,106,42,6,667
29,153,43,66,9,5,0,43,6,0,1,2,3,5,1,0,0,667
28,130,43,49,10,7,4,39,3,2,5,7,5,13,13,7,0,464
28,130,43,49,10,7,4,39,3,2,5,7,31,38,4,9,1,464
3,13,1,3,1,0,0,2,0,0,1,0,62,228,196,60,27,345
31,149,38,42,7,5,0,28,13,4,3,1,2,2,0,0,0,667
31,144,43,39,10,1,1,31,2,0,8,1,1,3,0,4,0,667
33,161,35,58,5,1,1,34,4,2,3,0,61,719,13,33,28,485
29,128,35,45,3,7,3,23,3,1,1,0,59,80,118,25,8,345
29,128,35,45,3,7,3,23,3,1,1,0,1,2,3,0,1,345
5,19,5,4,1,0,0,4,0,0,1,0,55,141,183,59,20,500
29,146,40,47,6,5,1,21,2,2,4,1,1,0,1,0,0,345
29,146,40,47,6,5,1,21,2,2,4,1,48,262,66,33,4,345
29,146,40,47,6,5,1,21,2,2,4,1,16,15,4,6,0,345
16,80,33,33,7,5,0,11,9,1,6,1,59,72,197,15,24,667
29,145,36,37,5,7,2,23,2,2,9,1,62,89,14,15,3,464
27,133,28,44,10,2,2,27,1,1,0,2,1,9,1,2,0,500
25,120,29,39,11,3,0,16,6,2,2,1,51,620,8,16,26,160
31,157,66,63,10,9,0,34,11,6,13,1,16,44,43,15,5,667
31,157,66,63,10,9,0,34,11,6,13,1,61,93,211,48,14,667
19,87,16,20,2,0,0,10,5,0,2,1,80,79,263,54,13,368
33,147,37,47,7,3,0,18,14,3,4,3,78,114,11,11,2,485
33,158,30,38,6,1,0,25,4,4,3,2,6,24,26,5,4,485
33,158,30,38,6,1,0,25,4,4,3,2,24,29,55,20,5,485
32,162,45,45,9,4,0,29,8,0,4,0,1,1,1,0,0,500
32,162,45,45,9,4,0,29,8,0,4,0,78,74,264,26,26,500
16,63,11,17,1,3,0,3,0,0,5,1,76,273,301,60,46,160
19,89,15,24,3,1,0,10,2,1,2,0,5,3,2,4,0,368
19,89,15,24,3,1,0,10,2,1,2,0,21,17,5,7,1,368
19,89,15,24,3,1,0,10,2,1,2,0,27,4,39,2,0,368
29,148,42,39,4,0,0,12,20,4,6,0,73,218,255,62,21,464
29,148,42,39,4,0,0,12,20,4,6,0,12,20,35,5,4,464
29,153,43,66,9,5,0,43,6,0,1,2,72,736,5,42,33,667
29,153,43,66,9,5,0,43,6,0,1,2,1,2,0,0,0,667
29,153,43,66,9,5,0,43,6,0,1,2,1,0,0,0,0,667
29,153,43,66,9,5,0,43,6,0,1,2,7,14,0,2,0,667
29,153,43,66,9,5,0,43,6,0,1,2,3,0,3,0,0,667
3,13,1,3,1,0,0,2,0,0,1,0,83,263,331,48,30,345
33,161,35,58,5,1,1,34,4,2,3,0,65,779,11,22,24,485
33,161,35,58,5,1,1,34,4,2,3,0,1,0,0,0,0,485
29,128,35,45,3,7,3,23,3,1,1,0,33,36,43,18,3,345
29,128,35,45,3,7,3,23,3,1,1,0,51,53,167,29,15,345
29,146,40,47,6,5,1,21,2,2,4,1,2,18,3,1,0,345
29,146,40,47,6,5,1,21,2,2,4,1,59,307,92,44,3,345
29,146,40,47,6,5,1,21,2,2,4,1,21,24,1,10,0,345
16,80,33,33,7,5,0,11,9,1,6,1,85,96,319,34,17,667
29,145,36,37,5,7,2,23,2,2,9,1,81,114,9,14,2,464
25,120,29,39,11,3,0,16,6,2,2,1,81,866,15,20,28,160
25,120,29,39,11,3,0,16,6,2,2,1,1,0,0,0,0,160
25,120,29,39,11,3,0,16,6,2,2,1,9,14,14,4,1,160
25,120,29,39,11,3,0,16,6,2,2,1,1,2,1,1,0,160
10,36,6,7,0,0,0,1,2,0,2,0,3,7,2,4,1,500
10,36,6,7,0,0,0,1,2,0,2,0,10,7,1,1,0,500
33,158,30,38,6,1,0,25,4,4,3,2,82,294,255,58,38,485
32,162,45,45,9,4,0,29,8,0,4,0,53,163,206,24,27,500
32,162,45,45,9,4,0,29,8,0,4,0,30,59,118,14,10,500
16,63,11,17,1,3,0,3,0,0,5,1,11,34,33,9,2,160
21,94,21,34,3,1,0,9,3,2,2,0,1,1,0,0,0,485
21,94,21,34,3,1,0,9,3,2,2,0,1,0,0,0,0,485
31,148,33,43,8,3,0,30,14,3,3,1,10,18,16,7,0,500
31,148,33,43,8,3,0,30,14,3,3,1,23,11,59,14,4,500
25,122,34,30,7,1,0,17,12,0,8,7,1,1,1,0,0,160
25,122,34,30,7,1,0,17,12,0,8,7,16,18,45,4,3,160
29,148,42,39,4,0,0,12,20,4,6,0,2,3,7,1,1,464
29,148,42,39,4,0,0,12,20,4,6,0,17,13,34,6,1,464
29,148,42,39,4,0,0,12,20,4,6,0,29,37,49,11,4,464
29,148,42,39,4,0,0,12,20,4,6,0,2,3,0,4,0,464
29,148,42,39,4,0,0,12,20,4,6,0,1,1,5,0,0,464
3,13,1,3,1,0,0,2,0,0,1,0,80,223,270,58,26,345
3,13,1,3,1,0,0,2,0,0,1,0,1,1,0,1,0,345
3,13,1,3,1,0,0,2,0,0,1,0,2,2,8,1,0,345
33,161,35,58,5,1,1,34,4,2,3,0,82,954,10,29,30,485
29,128,35,45,3,7,3,23,3,1,1,0,37,64,66,15,5,345
29,128,35,45,3,7,3,23,3,1,1,0,39,50,122,20,14,345
29,146,40,47,6,5,1,21,2,2,4,1,3,23,0,1,2,345
29,146,40,47,6,5,1,21,2,2,4,1,1,0,0,0,0,345
29,146,40,47,6,5,1,21,2,2,4,1,33,36,9,16,1,345
16,80,33,33,7,5,0,11,9,1,6,1,1,0,3,0,0,667
29,145,36,37,5,7,2,23,2,2,9,1,53,94,5,7,1,464
25,120,29,39,11,3,0,16,6,2,2,1,84,892,43,24,48,160
25,120,29,39,11,3,0,16,6,2,2,1,2,2,0,0,0,160
25,120,29,39,11,3,0,16,6,2,2,1,1,0,0,0,0,160
31,157,66,63,10,9,0,34,11,6,13,1,7,19,21,7,3,667
31,157,66,63,10,9,0,34,11,6,13,1,63,91,214,52,17,667
33,158,30,38,6,1,0,25,4,4,3,2,85,263,254,55,47,485
32,162,45,45,9,4,0,29,8,0,4,0,51,168,218,26,19,500
32,162,45,45,9,4,0,29,8,0,4,0,1,0,2,0,0,500
32,162,45,45,9,4,0,29,8,0,4,0,3,2,1,0,0,500
32,162,45,45,9,4,0,29,8,0,4,0,21,25,78,6,6,500
19,89,15,24,3,1,0,10,2,1,2,0,5,3,0,1,0,368
19,89,15,24,3,1,0,10,2,1,2,0,18,24,3,6,0,368
19,89,15,24,3,1,0,10,2,1,2,0,14,1,16,4,2,368
19,89,15,24,3,1,0,10,2,1,2,0,5,2,2,0,0,368
29,148,42,39,4,0,0,12,20,4,6,0,11,8,13,8,1,464
28,130,43,49,10,7,4,39,3,2,5,7,5,10,1,6,1,464
3,13,1,3,1,0,0,2,0,0,1,0,77,238,249,37,28,345
3,13,1,3,1,0,0,2,0,0,1,0,1,4,3,0,0,345
33,161,35,58,5,1,1,34,4,2,3,0,79,837,17,33,50,485
29,128,35,45,3,7,3,23,3,1,1,0,81,114,157,38,10,345
29,128,35,45,3,7,3,23,3,1,1,0,2,0,4,1,0,345
29,146,40,47,6,5,1,21,2,2,4,1,26,256,8,16,10,345
29,146,40,47,6,5,1,21,2,2,4,1,25,63,88,36,18,345
29,146,40,47,6,5,1,21,2,2,4,1,7,16,12,4,1,345
29,146,40,47,6,5,1,21,2,2,4,1,4,17,3,3,0,345
29,146,40,47,6,5,1,21,2,2,4,1,17,19,8,11,0,345
16,80,33,33,7,5,0,11,9,1,6,1,7,7,19,1,3,667
29,145,36,37,5,7,2,23,2,2,9,1,85,159,17,29,1,464
25,120,29,39,11,3,0,16,6,2,2,1,82,810,27,45,42,160
25,120,29,39,11,3,0,16,6,2,2,1,1,3,0,1,0,160
1,3,0,0,0,0,0,0,0,0,1,0,34,62,108,24,5,345
28,150,47,37,7,5,3,30,16,2,10,2,60,74,12,10,0,750
33,158,30,38,6,1,0,25,4,4,3,2,79,247,221,44,38,485
33,158,30,38,6,1,0,25,4,4,3,2,2,1,6,6,0,485
32,162,45,45,9,4,0,29,8,0,4,0,1,1,3,0,0,500
32,162,45,45,9,4,0,29,8,0,4,0,11,18,18,4,0,500
32,162,45,45,9,4,0,29,8,0,4,0,61,66,209,28,13,500
16,63,11,17,1,3,0,3,0,0,5,1,79,130,243,43,14,160
25,122,34,30,7,1,0,17,12,0,8,7,24,55,59,25,11,160
25,122,34,30,7,1,0,17,12,0,8,7,5,2,0,0,0,160
25,122,34,30,7,1,0,17,12,0,8,7,49,51,161,24,9,160
19,89,15,24,3,1,0,10,2,1,2,0,13,6,0,5,0,368
19,89,15,24,3,1,0,10,2,1,2,0,34,5,34,6,1,368
19,89,15,24,3,1,0,10,2,1,2,0,1,0,0,1,0,368
29,148,42,39,4,0,0,12,20,4,6,0,3,8,8,3,0,464
29,148,42,39,4,0,0,12,20,4,6,0,33,56,112,13,5,464
3,13,1,3,1,0,0,2,0,0,1,0,41,113,127,33,18,345
3,13,1,3,1,0,0,2,0,0,1,0,1,0,1,2,0,345
33,161,35,58,5,1,1,34,4,2,3,0,82,905,21,25,54,485
29,128,35,45,3,7,3,23,3,1,1,0,77,98,146,41,6,345
29,128,35,45,3,7,3,23,3,1,1,0,4,6,5,1,0,345
29,146,40,47,6,5,1,21,2,2,4,1,63,59,111,33,6,345
29,146,40,47,6,5,1,21,2,2,4,1,20,114,39,22,2,345
16,80,33,33,7,5,0,11,9,1,6,1,46,46,133,26,16,667
29,145,36,37,5,7,2,23,2,2,9,1,81,154,11,24,3,464
27,133,28,44,10,2,2,27,1,1,0,2,1,1,2,0,0,500
27,133,28,44,10,2,2,27,1,1,0,2,1,0,0,0,0,500
25,120,29,39,11,3,0,16,6,2,2,1,98,1031,41,40,59,160
25,120,29,39,11,3,0,16,6,2,2,1,1,2,0,2,0,160
25,120,29,39,11,3,0,16,6,2,2,1,1,1,0,0,0,160
25,120,29,39,11,3,0,16,6,2,2,1,2,0,1,0,0,160
1,3,0,0,0,0,0,0,0,0,1,0,98,151,258,50,12,345
1,3,0,0,0,0,0,0,0,0,1,0,2,0,0,0,0,345
28,150,47,37,7,5,3,30,16,2,10,2,1,15,0,0,0,750
28,150,47,37,7,5,3,30,16,2,10,2,20,22,5,7,0,750
33,147,37,47,7,3,0,18,14,3,4,3,53,92,6,9,1,485
33,147,37,47,7,3,0,18,14,3,4,3,38,83,4,16,1,485
33,158,30,38,6,1,0,25,4,4,3,2,86,261,287,88,38,485
33,158,30,38,6,1,0,25,4,4,3,2,1,0,1,0,0,485
32,162,45,45,9,4,0,29,8,0,4,0,7,19,15,6,4,500
32,162,45,45,9,4,0,29,8,0,4,0,13,17,25,5,2,500
32,162,45,45,9,4,0,29,8,0,4,0,78,79,240,42,22,500
16,63,11,17,1,3,0,3,0,0,5,1,92,134,243,60,26,160
25,122,34,30,7,1,0,17,12,0,8,7,25,226,10,9,11,160
25,122,34,30,7,1,0,17,12,0,8,7,1,1,7,0,0,160
25,122,34,30,7,1,0,17,12,0,8,7,38,29,106,25,7,160
19,89,15,24,3,1,0,10,2,1,2,0,3,0,0,0,0,368
19,89,15,24,3,1,0,10,2,1,2,0,44,15,68,12,2,368
3,13,1,3,1,0,0,2,0,0,1,0,37,114,112,26,25,345
3,13,1,3,1,0,0,2,0,0,1,0,19,48,49,12,4,345
33,161,35,58,5,1,1,34,4,2,3,0,87,923,29,43,48,485
29,128,35,45,3,7,3,23,3,1,1,0,93,120,152,42,14,345
29,128,35,45,3,7,3,23,3,1,1,0,1,1,0,0,0,345
29,128,35,45,3,7,3,23,3,1,1,0,1,2,5,0,0,345
29,146,40,47,6,5,1,21,2,2,4,1,77,84,128,54,8,345
29,146,40,47,6,5,1,21,2,2,4,1,22,99,37,13,3,345
29,145,36,37,5,7,2,23,2,2,9,1,100,176,15,30,3,464
25,120,29,39,11,3,0,16,6,2,2,1,112,1211,40,58,86,160
25,120,29,39,11,3,0,16,6,2,2,1,3,4,4,3,0,160
25,120,29,39,11,3,0,16,6,2,2,1,1,0,1,0,0,160
25,120,29,39,11,3,0,16,6,2,2,1,1,1,3,1,0,160
1,3,0,0,0,0,0,0,0,0,1,0,43,53,95,13,4,345
1,3,0,0,0,0,0,0,0,0,1,0,18,31,48,8,3,345
1,3,0,0,0,0,0,0,0,0,1,0,17,17,35,12,1,345
28,150,47,37,7,5,3,30,16,2,10,2,44,41,10,17,0,750
33,147,37,47,7,3,0,18,14,3,4,3,63,104,14,15,1,485
33,158,30,38,6,1,0,25,4,4,3,2,3,34,0,4,0,485
33,158,30,38,6,1,0,25,4,4,3,2,1,2,0,0,0,485
33,158,30,38,6,1,0,25,4,4,3,2,6,5,0,2,0,485
32,162,45,45,9,4,0,29,8,0,4,0,1,3,3,1,0,500
32,162,45,45,9,4,0,29,8,0,4,0,105,110,312,48,21,500
16,63,11,17,1,3,0,3,0,0,5,1,1,4,3,2,0,160
16,63,11,17,1,3,0,3,0,0,5,1,1,0,0,0,0,160
16,63,11,17,1,3,0,3,0,0,5,1,2,1,4,1,0,160
16,63,11,17,1,3,0,3,0,0,5,1,29,22,66,24,7,160
27,134,33,46,7,1,1,33,9,3,9,4,1,9,0,2,0,750
19,89,15,24,3,1,0,10,2,1,2,0,1,0,0,0,0,368
19,89,15,24,3,1,0,10,2,1,2,0,49,8,78,25,1,368
26,130,45,64,9,3,4,40,4,0,2,1,2,15,0,4,1,750
26,130,45,64,9,3,4,40,4,0,2,1,1,0,0,0,0,750
3,13,1,3,1,0,0,2,0,0,1,0,81,232,242,56,39,345
3,13,1,3,1,0,0,2,0,0,1,0,7,20,25,3,4,345
3,13,1,3,1,0,0,2,0,0,1,0,5,7,17,4,2,345
33,161,35,58,5,1,1,34,4,2,3,0,93,939,21,20,31,485
29,128,35,45,3,7,3,23,3,1,1,0,110,119,186,31,7,345
29,146,40,47,6,5,1,21,2,2,4,1,108,113,198,66,11,345
29,146,40,47,6,5,1,21,2,2,4,1,3,17,5,0,2,345
1,4,0,0,0,0,0,0,0,0,0,0,1,3,2,1,0,500
1,4,0,0,0,0,0,0,0,0,0,0,2,6,3,4,0,500
1,4,0,0,0,0,0,0,0,0,0,0,1,0,2,2,0,500
29,145,36,37,5,7,2,23,2,2,9,1,83,100,7,20,1,464
25,120,29,39,11,3,0,16,6,2,2,1,112,1253,39,57,62,160
25,120,29,39,11,3,0,16,6,2,2,1,1,2,0,0,0,160
33,147,37,47,7,3,0,18,14,3,4,3,6,14,1,1,0,485
32,162,45,45,9,4,0,29,8,0,4,0,42,113,134,33,23,500
32,162,45,45,9,4,0,29,8,0,4,0,6,7,13,5,1,500
32,162,45,45,9,4,0,29,8,0,4,0,24,28,66,9,5,500
19,89,15,24,3,1,0,10,2,1,2,0,1,1,0,0,0,368
19,89,15,24,3,1,0,10,2,1,2,0,48,7,67,10,1,368
3,13,1,3,1,0,0,2,0,0,1,0,39,107,122,26,10,345
3,13,1,3,1,0,0,2,0,0,1,0,1,0,1,0,0,345
3,13,1,3,1,0,0,2,0,0,1,0,15,10,46,11,3,345
33,161,35,58,5,1,1,34,4,2,3,0,101,1036,35,31,42,485
29,128,35,45,3,7,3,23,3,1,1,0,1,10,0,2,0,345
29,128,35,45,3,7,3,23,3,1,1,0,2,3,4,0,0,345
29,128,35,45,3,7,3,23,3,1,1,0,91,132,168,43,18,345
29,128,35,45,3,7,3,23,3,1,1,0,16,12,50,8,6,345
29,146,40,47,6,5,1,21,2,2,4,1,98,118,198,40,12,345
29,145,36,37,5,7,2,23,2,2,9,1,22,41,4,3,1,464
25,120,29,39,11,3,0,16,6,2,2,1,125,1188,66,48,69,160
25,120,29,39,11,3,0,16,6,2,2,1,12,32,18,5,1,160
32,162,45,45,9,4,0,29,8,0,4,0,8,18,22,6,3,500
32,162,45,45,9,4,0,29,8,0,4,0,4,1,13,1,0,500
32,162,45,45,9,4,0,29,8,0,4,0,56,58,211,27,21,500
19,89,15,24,3,1,0,10,2,1,2,0,1,0,0,1,0,368
19,89,15,24,3,1,0,10,2,1,2,0,24,5,38,8,3,368
3,13,1,3,1,0,0,2,0,0,1,0,2,7,8,4,1,345
3,13,1,3,1,0,0,2,0,0,1,0,41,56,138,35,15,345
33,161,35,58,5,1,1,34,4,2,3,0,31,348,7,10,16,485
29,128,35,45,3,7,3,23,3,1,1,0,18,44,52,14,6,345
29,128,35,45,3,7,3,23,3,1,1,0,28,34,63,14,5,345
29,128,35,45,3,7,3,23,3,1,1,0,43,74,5,13,1,345
29,128,35,45,3,7,3,23,3,1,1,0,28,29,84,15,7,345
29,146,40,47,6,5,1,21,2,2,4,1,124,131,245,68,18,345
25,120,29,39,11,3,0,16,6,2,2,1,122,1232,70,36,75,160
25,120,29,39,11,3,0,16,6,2,2,1,1,1,0,1,0,160
19,89,15,24,3,1,0,10,2,1,2,0,7,2,14,2,1,368
28,130,43,49,10,7,4,39,3,2,5,7,1,2,0,0,0,464
29,128,35,45,3,7,3,23,3,1,1,0,13,26,47,9,1,345
29,128,35,45,3,7,3,23,3,1,1,0,11,18,13,5,1,345
29,128,35,45,3,7,3,23,3,1,1,0,18,21,0,3,0,345
29,128,35,45,3,7,3,23,3,1,1,0,37,113,174,41,10,345
29,146,40,47,6,5,1,21,2,2,4,1,2,18,1,1,1,345
29,146,40,47,6,5,1,21,2,2,4,1,106,133,225,64,18,345
29,146,40,47,6,5,1,21,2,2,4,1,3,1,1,0,0,345
25,120,29,39,11,3,0,16,6,2,2,1,134,1314,65,20,85,160
29,128,35,45,3,7,3,23,3,1,1,0,27,32,47,13,4,345
29,128,35,45,3,7,3,23,3,1,1,0,1,1,2,2,0,345
29,146,40,47,6,5,1,21,2,2,4,1,125,146,244,65,19,345
25,120,29,39,11,3,0,16,6,2,2,1,134,1409,79,27,73,160
29,146,40,47,6,5,1,21,2,2,4,1,3,30,2,2,3,345
29,146,40,47,6,5,1,21,2,2,4,1,52,68,95,24,7,345
25,120,29,39,11,3,0,16,6,2,2,1,135,1345,49,31,61,160
25,120,29,39,11,3,0,16,6,2,2,1,2,7,5,1,0,160
25,120,29,39,11,3,0,16,6,2,2,1,3,9,2,0,0,160
1,3,0,0,0,0,0,0,0,0,1,0,29,44,60,27,2,345
29,146,40,47,6,5,1,21,2,2,4,1,57,582,40,19,33,345
29,146,40,47,6,5,1,21,2,2,4,1,64,86,161,26,18,345
29,146,40,47,6,5,1,21,2,2,4,1,1,0,0,0,0,345
29,146,40,47,6,5,1,21,2,2,4,1,1,2,1,2,1,345
25,120,29,39,11,3,0,16,6,2,2,1,136,1407,79,29,86,160
25,120,29,39,11,3,0,16,6,2,2,1,2,2,1,0,0,160
25,120,29,39,11,3,0,16,6,2,2,1,146,1491,67,44,62,160
25,120,29,39,11,3,0,16,6,2,2,1,101,997,44,20,59,160
25,120,29,39,11,3,0,16,6,2,2,1,82,739,47,8,52,160
25,120,29,39,11,3,0,16,6,2,2,1,1,4,1,0,0,160
25,120,29,39,11,3,0,16,6,2,2,1,122,1176,60,19,82,160
25,120,29,39,11,3,0,16,6,2,2,1,98,880,54,16,67,160
25,120,29,39,11,3,0,16,6,2,2,1,10,21,8,4,0,160
25,120,29,39,11,3,0,16,6,2,2,1,103,933,62,25,67,160
25,120,29,39,11,3,0,16,6,2,2,1,11,36,13,2,2,160
