,actual,prediction,,
6501,0.4321,0.5346275298,,0.1025275298
6502,0.5926,0.5596568364,,0.0329431636
6503,0.5185,0.5020460931,,0.0164539069
6504,0.4877,0.4845648396,,0.0031351604
6505,0.4074,0.4935320086,,0.0861320086
6506,0.4383,0.4995764334,,0.0612764334
6507,0.4383,0.5064189799,,0.0681189799
6508,0.5062,0.4871149623,,0.0190850377
6509,0.5062,0.4848371686,,0.0213628314
6510,0.5062,0.48523586,,0.02096414
6511,0.5185,0.5025479952,,0.0159520048
6512,0.4074,0.5028392436,,0.0954392436
6513,0.4877,0.4958974141,,0.0081974141
6514,0.4506,0.4820552717,,0.0314552717
6515,0.4506,0.4853366092,,0.0347366092
6516,0.4506,0.4849828942,,0.0343828942
6517,0.5432,0.5080867276,,0.0351132724
6518,0.4753,0.4853517693,,0.0100517693
6519,0.5432,0.5065878443,,0.0366121557
6520,0.4753,0.4853874488,,0.0100874488
6521,0.5432,0.5085779773,,0.0346220227
6522,0.4753,0.4866917258,,0.0113917258
6523,0.5432,0.5147655595,,0.0284344405
6524,0.4753,0.4855206664,,0.0102206664
6525,0.5432,0.5059146435,,0.0372853565
6526,0.5926,0.5085036632,,0.0840963368
6527,0.537,0.4406834966,,0.0963165034
6528,0.537,0.4880457484,,0.0489542516
6529,0.537,0.489264606,,0.047735394
6530,0.537,0.4896590887,,0.0473409113
6531,0.537,0.4880949343,,0.0489050657
6532,0.5432,0.5194805276,,0.0237194724
6533,0.6049,0.4846081094,,0.1202918906
6534,0.4383,0.4859965296,,0.0476965296
6535,0.4383,0.4878971272,,0.0495971272
6536,0.3951,0.4854815332,,0.0903815332
6537,0.4506,0.4848799668,,0.0342799668
6538,0.4877,0.4845279299,,0.0031720701
6539,0.4506,0.4869118597,,0.0363118597
6540,0.4877,0.4863665643,,0.0013334357
6541,0.4506,0.4868272249,,0.0362272249
6542,0.4877,0.4860272739,,0.0016727261
6543,0.4506,0.4851469768,,0.0345469768
6544,0.4877,0.4845591488,,0.0031408512
6545,0.4506,0.4851407492,,0.0345407492
6546,0.4877,0.484558418,,0.003141582
6547,0.4506,0.4970280335,,0.0464280335
6548,0.4877,0.486795442,,0.000904558
6549,0.4506,0.4864428367,,0.0358428367
6550,0.4877,0.4863120031,,0.0013879969
6551,0.4136,0.4969410979,,0.0833410979
6552,0.4691,0.4944392153,,0.0253392153
6553,0.5556,0.4983663348,,0.0572336652
6554,0.4753,0.5030350277,,0.0277350277
6555,0.5247,0.488446658,,0.036253342
6556,0.4753,0.4900141273,,0.0147141273
6557,0.4753,0.5017268336,,0.0264268336
6558,0.5926,0.4922350546,,0.1003649454
6559,0.4383,0.5053929691,,0.0670929691
6560,0.5247,0.5381039063,,0.0134039063
6561,0.5062,0.5074306573,,0.0012306573
6562,0.4383,0.528052364,,0.089752364
6563,0.4383,0.5074064819,,0.0691064819
6564,0.4506,0.4868443867,,0.0362443867
6565,0.4506,0.4846776673,,0.0340776673
6566,0.4506,0.4957412095,,0.0451412095
6567,0.4383,0.5072460055,,0.0689460055
6568,0.5926,0.5048544012,,0.0877455988
6569,0.5494,0.4945046632,,0.0548953368
6570,0.4074,0.5115780213,,0.1041780213
6571,0.4877,0.4950994354,,0.0073994354
6572,0.4074,0.4889664434,,0.0815664434
6573,0.4383,0.4796768358,,0.0413768358
6574,0.4506,0.4986214186,,0.0480214186
6575,0.5432,0.5012524643,,0.0419475357
6576,0.4691,0.5063820022,,0.0372820022
6577,0.5062,0.4987328216,,0.0074671784
6578,0.4691,0.5168527215,,0.0477527215
6579,0.5062,0.503806194,,0.002393806
6580,0.4691,0.4919978928,,0.0228978928
6581,0.4691,0.5196795336,,0.0505795336
6582,0.4506,0.4861244547,,0.0355244547
6583,0.4321,0.4921440263,,0.0600440263
6584,0.4383,0.4977142289,,0.0594142289
6585,0.4877,0.5195075004,,0.0318075004
6586,0.537,0.4910180701,,0.0459819299
6587,0.6049,0.4927814431,,0.1121185569
6588,0.537,0.4856300069,,0.0513699931
6589,0.6049,0.4852118764,,0.1196881236
6590,0.537,0.4877357642,,0.0492642358
6591,0.6049,0.4854219843,,0.1194780157
6592,0.4753,0.4862291722,,0.0109291722
6593,0.5123,0.5029686718,,0.0093313282
6594,0.5494,0.5027159511,,0.0466840489
6595,0.5432,0.502830161,,0.040369839
6596,0.4506,0.4860766494,,0.0354766494
6597,0.6049,0.498754437,,0.106145563
6598,0.5432,0.5156125053,,0.0275874947
6599,0.4321,0.5097861768,,0.0776861768
6600,0.5802,0.4954740507,,0.0847259493
6601,0.5802,0.4891162475,,0.0910837525
6602,0.5802,0.4962850743,,0.0839149257
6603,0.5494,0.4914134015,,0.0579865985
6604,0.4383,0.4847940365,,0.0464940365
6605,0.4074,0.4845304345,,0.0771304345
6606,0.5556,0.4866906565,,0.0689093435
6607,0.5556,0.5195908511,,0.0360091489
6608,0.4506,0.4954732998,,0.0448732998
6609,0.5185,0.5017407182,,0.0167592818
6610,0.5247,0.5015073155,,0.0231926845
6611,0.5926,0.4864377294,,0.1061622706
6612,0.5247,0.5038949745,,0.0208050255
6613,0.5926,0.4868155332,,0.1057844668
6614,0.5247,0.5106399602,,0.0140600398
6615,0.5926,0.4971544704,,0.0954455296
6616,0.4753,0.4846571595,,0.0093571595
6617,0.5123,0.526320512,,0.014020512
6618,0.5556,0.5463460153,,0.0092539847
6619,0.5556,0.5376621855,,0.0179378145
6620,0.3951,0.4864840713,,0.0913840713
6621,0.5494,0.490026198,,0.059373802
6622,0.5432,0.484539347,,0.058660653
6623,0.6049,0.5521268971,,0.0527731029
6624,0.6049,0.5454232718,,0.0594767282
6625,0.5432,0.4888490807,,0.0543509193
6626,0.5432,0.4889198527,,0.0542801473
6627,0.5432,0.4701449725,,0.0730550275
6628,0.4753,0.5031222011,,0.0278222011
6629,0.3951,0.4849376411,,0.0898376411
6630,0.6049,0.5472290993,,0.0576709007
6631,0.3951,0.4849084867,,0.0898084867
6632,0.6049,0.5471116303,,0.0577883697
6633,0.4877,0.4851082394,,0.0025917606
6634,0.4877,0.4957189942,,0.0080189942
6635,0.4877,0.4851107299,,0.0025892701
6636,0.4877,0.4851400143,,0.0025599857
6637,0.4877,0.4962410832,,0.0085410832
6638,0.4753,0.5014337124,,0.0261337124
6639,0.4506,0.5194805276,,0.0688805276
6640,0.537,0.516933052,,0.020066948
6641,0.4753,0.4993883314,,0.0240883314
6642,0.4383,0.5016629724,,0.0633629724
6643,0.5185,0.4983637985,,0.0201362015
6644,0.4383,0.4957259824,,0.0574259824
6645,0.5185,0.4939331011,,0.0245668989
6646,0.4877,0.4979766018,,0.0102766018
6647,0.4506,0.4847249551,,0.0341249551
6648,0.5802,0.4871092983,,0.0930907017
6649,0.4506,0.4846330147,,0.0340330147
6650,0.5802,0.4861389369,,0.0940610631
6651,0.4877,0.5046175013,,0.0169175013
6652,0.6049,0.5150491989,,0.0898508011
6653,0.5556,0.544508512,,0.011091488
6654,0.5556,0.545031525,,0.010568475
6655,0.4383,0.4971253501,,0.0588253501
6656,0.4136,0.4851534088,,0.0715534088
6657,0.4383,0.4910547328,,0.0527547328
6658,0.4136,0.484796262,,0.071196262
6659,0.4383,0.5019832179,,0.0636832179
6660,0.4136,0.4955846294,,0.0819846294
6661,0.4383,0.4924254422,,0.0541254422
6662,0.4136,0.4848705557,,0.0712705557
6663,0.4383,0.5034786285,,0.0651786285
6664,0.4136,0.4866872526,,0.0730872526
6665,0.4383,0.5019832179,,0.0636832179
6666,0.4136,0.4955846294,,0.0819846294
6667,0.5247,0.4973779398,,0.0273220602
6668,0.5556,0.4969037845,,0.0586962155
6669,0.4506,0.5007293054,,0.0501293054
6670,0.4321,0.4885258437,,0.0564258437
6671,0.4321,0.4887262582,,0.0566262582
6672,0.4753,0.505825813,,0.030525813
6673,0.4753,0.4870529923,,0.0117529923
6674,0.5926,0.4877968288,,0.1048031712
6675,0.5926,0.5235531527,,0.0690468473
6676,0.5556,0.4889941245,,0.0666058755
6677,0.4383,0.4859437136,,0.0476437136
6678,0.4506,0.485224312,,0.034624312
6679,0.4321,0.4872882694,,0.0551882694
6680,0.4506,0.4892543138,,0.0386543138
6681,0.4383,0.5188453709,,0.0805453709
6682,0.5123,0.5081901414,,0.0041098586
6683,0.4506,0.4922137404,,0.0416137404
6684,0.4506,0.4862222952,,0.0356222952
6685,0.5926,0.4889833665,,0.1036166335
6686,0.4877,0.4845083538,,0.0031916462
6687,0.5185,0.4880457461,,0.0304542539
6688,0.5185,0.4888181772,,0.0296818228
6689,0.5432,0.5366212319,,0.0065787681
6690,0.4383,0.511015228,,0.072715228
6691,0.5432,0.5312538713,,0.0119461287
6692,0.4383,0.5040997939,,0.0657997939
6693,0.4074,0.4865360532,,0.0791360532
6694,0.3951,0.4925995285,,0.0974995285
6695,0.5556,0.5088532884,,0.0467467116
6696,0.4691,0.501209314,,0.032109314
6697,0.4321,0.4965949746,,0.0644949746
6698,0.4074,0.4844827633,,0.0770827633
6699,0.537,0.4866478899,,0.0503521101
6700,0.3951,0.4851978384,,0.0900978384
6701,0.5432,0.4958013964,,0.0473986036
6702,0.5494,0.4944859092,,0.0549140908
6703,0.5926,0.5019187293,,0.0906812707
6704,0.4136,0.4957825776,,0.0821825776
6705,0.5247,0.4974805532,,0.0272194468
6706,0.5247,0.505255506,,0.019444494
6707,0.5556,0.50284678,,0.05275322
6708,0.4136,0.4858553443,,0.0722553443
6709,0.4136,0.4868522221,,0.0732522221
6710,0.4691,0.4952215022,,0.0261215022
6711,0.4691,0.4845420943,,0.0154420943
6712,0.5494,0.4922171742,,0.0571828258
6713,0.5494,0.492144834,,0.057255166
6714,0.5494,0.4918654775,,0.0575345225
6715,0.4753,0.5006221784,,0.0253221784
6716,0.4321,0.5152561911,,0.0831561911
6717,0.5185,0.5003038753,,0.0181961247
6718,0.5062,0.4941100447,,0.0120899553
6719,0.4136,0.4959499196,,0.0823499196
6720,0.4321,0.5024120316,,0.0703120316
6721,0.4506,0.4999985266,,0.0493985266
6722,0.5926,0.4868983853,,0.1057016147
6723,0.5926,0.4883709604,,0.1042290396
6724,0.5926,0.5090517603,,0.0835482397
6725,0.4753,0.4915157938,,0.0162157938
6726,0.4506,0.4955082922,,0.0449082922
6727,0.5556,0.5075501613,,0.0480498387
6728,0.4321,0.4859170482,,0.0538170482
6729,0.4321,0.4855320277,,0.0534320277
6730,0.5432,0.48467111,,0.05852889
6731,0.5494,0.4951872413,,0.0542127587
6732,0.5494,0.501984608,,0.047415392
6733,0.5494,0.4875798825,,0.0618201175
6734,0.5556,0.4966877912,,0.0589122088
6735,0.3951,0.4853534193,,0.0902534193
6736,0.4753,0.4961013919,,0.0208013919
6737,0.4877,0.4847141243,,0.0029858757
6738,0.5494,0.5280858751,,0.0213141249
6739,0.5494,0.5031467841,,0.0462532159
6740,0.5494,0.534639891,,0.014760109
6741,0.5432,0.4938830939,,0.0493169061
6742,0.6049,0.4957560734,,0.1091439266
6743,0.4753,0.4845835595,,0.0092835595
6744,0.4877,0.5204670404,,0.0327670404
6745,0.4691,0.5016927057,,0.0325927057
6746,0.5432,0.5065353538,,0.0366646462
6747,0.4691,0.4865981733,,0.0174981733
6748,0.5432,0.4928865464,,0.0503134536
6749,0.4321,0.4947930419,,0.0626930419
6750,0.4321,0.4920358976,,0.0599358976
6751,0.5802,0.4903411277,,0.0898588723
6752,0.4321,0.5004989072,,0.0683989072
6753,0.5802,0.4955679892,,0.0846320108
6754,0.4321,0.4959018462,,0.0638018462
6755,0.4753,0.4846218491,,0.0093218491
6756,0.4321,0.4954604707,,0.0633604707
6757,0.4753,0.4846153446,,0.0093153446
6758,0.4136,0.5108722515,,0.0972722515
6759,0.5802,0.5041786621,,0.0760213379
6760,0.6049,0.5018749766,,0.1030250234
6761,0.4691,0.4947829525,,0.0256829525
6762,0.5556,0.4863918396,,0.0692081604
6763,0.4383,0.4845333143,,0.0462333143
6764,0.5556,0.4860403637,,0.0695596363
6765,0.4383,0.4845236074,,0.0462236074
6766,0.5556,0.4864181559,,0.0691818441
6767,0.4383,0.4845340453,,0.0462340453
6768,0.5556,0.4873267702,,0.0682732298
6769,0.4383,0.4845092499,,0.0462092499
6770,0.5432,0.5058236468,,0.0373763532
6771,0.5802,0.5217297396,,0.0584702604
6772,0.5432,0.5110296308,,0.0321703692
6773,0.5247,0.503274303,,0.021425697
6774,0.6049,0.4887442577,,0.1161557423
6775,0.5494,0.5104334342,,0.0389665658
6776,0.5926,0.5009275033,,0.0916724967
6777,0.5556,0.5010983429,,0.0545016571
6778,0.5556,0.4957862382,,0.0598137618
6779,0.5556,0.4915963122,,0.0640036878
6780,0.4074,0.5030469729,,0.0956469729
6781,0.4074,0.5026834874,,0.0952834874
6782,0.4074,0.5017044526,,0.0943044526
6783,0.4691,0.4850161395,,0.0159161395
6784,0.4074,0.4957068621,,0.0883068621
6785,0.4074,0.4874927608,,0.0800927608
6786,0.4074,0.4882935087,,0.0808935087
6787,0.4074,0.4873132019,,0.0799132019
6788,0.5432,0.4872409998,,0.0559590002
6789,0.5185,0.5040333783,,0.0144666217
6790,0.4506,0.4978434472,,0.0472434472
6791,0.4506,0.486148753,,0.035548753
6792,0.5432,0.5583637786,,0.0151637786
6793,0.4877,0.5029583278,,0.0152583278
6794,0.4321,0.4905677007,,0.0584677007
6795,0.4136,0.4925444127,,0.0789444127
6796,0.5926,0.5089827103,,0.0836172897
6797,0.5926,0.4908906165,,0.1017093835
6798,0.4877,0.5313035639,,0.0436035639
6799,0.5432,0.5024338888,,0.0407661112
6800,0.4877,0.5364756428,,0.0487756428
6801,0.5432,0.5066521806,,0.0365478194
6802,0.5062,0.5202014687,,0.0140014687
6803,0.5556,0.5016058184,,0.0539941816
6804,0.5494,0.5024038265,,0.0469961735
6805,0.4506,0.488485309,,0.037885309
6806,0.5926,0.485809917,,0.106790083
6807,0.4506,0.485838041,,0.035238041
6808,0.5926,0.4849190002,,0.1076809998
6809,0.5432,0.4849682506,,0.0582317494
6810,0.4321,0.4910710515,,0.0589710515
6811,0.4321,0.4866062461,,0.0545062461
6812,0.4321,0.5065976609,,0.0744976609
6813,0.4321,0.4889464593,,0.0568464593
6814,0.4506,0.4954655821,,0.0448655821
6815,0.4877,0.4849324904,,0.0027675096
6816,0.4753,0.4851657374,,0.0098657374
6817,0.5123,0.5024003346,,0.0098996654
6818,0.6049,0.5524068471,,0.0524931529
6819,0.3951,0.495419495,,0.100319495
6820,0.4074,0.4854422491,,0.0780422491
6821,0.4383,0.4958691415,,0.0575691415
6822,0.4321,0.5038880702,,0.0717880702
6823,0.3951,0.4950067022,,0.0999067022
6824,0.4877,0.4903321574,,0.0026321574
6825,0.4691,0.4992846873,,0.0301846873
6826,0.4753,0.4865233063,,0.0112233063
6827,0.537,0.4903186309,,0.0466813691
6828,0.4753,0.4856773453,,0.0103773453
6829,0.537,0.4879878223,,0.0490121777
6830,0.5556,0.5092265929,,0.0463734071
6831,0.5556,0.498353876,,0.057246124
6832,0.5556,0.5011784642,,0.0544215358
6833,0.5556,0.4968175898,,0.0587824102
6834,0.4753,0.503294356,,0.027994356
6835,0.5926,0.4922296389,,0.1003703611
6836,0.4753,0.4846359993,,0.0093359993
6837,0.5926,0.508477002,,0.084122998
6838,0.6049,0.5050836518,,0.0998163482
6839,0.5123,0.4880977346,,0.0242022654
6840,0.5123,0.4894587208,,0.0228412792
6841,0.5123,0.4870508012,,0.0252491988
6842,0.4691,0.497202057,,0.028102057
6843,0.5247,0.4851739622,,0.0395260378
6844,0.4074,0.5294889796,,0.1220889796
6845,0.5123,0.4943913809,,0.0179086191
6846,0.4506,0.5113924672,,0.0607924672
6847,0.4753,0.5396223892,,0.0643223892
6848,0.4753,0.4874897927,,0.0121897927
6849,0.4753,0.4862794844,,0.0109794844
6850,0.5926,0.4851072661,,0.1074927339
6851,0.5432,0.486621694,,0.056578306
6852,0.5432,0.4849667409,,0.0582332591
6853,0.5802,0.4955330382,,0.0846669618
6854,0.4321,0.4894395913,,0.0573395913
6855,0.5432,0.5347537328,,0.0084462672
6856,0.5432,0.4998243383,,0.0433756617
6857,0.4383,0.4944566872,,0.0561566872
6858,0.4506,0.4844866124,,0.0338866124
6859,0.4383,0.5018050173,,0.0635050173
6860,0.4506,0.4844912408,,0.0338912408
6861,0.4877,0.4972274751,,0.0095274751
6862,0.4877,0.4877859787,,8.59786923450012E-005
6863,0.4321,0.5063319099,,0.0742319099
6864,0.4506,0.4949773013,,0.0443773013
6865,0.5494,0.4913651723,,0.0580348277
6866,0.4506,0.5049507629,,0.0543507629
6867,0.5494,0.4961588467,,0.0532411533
6868,0.4321,0.5455016213,,0.1134016213
6869,0.5123,0.5122496958,,5.03042418369404E-005
6870,0.4383,0.4845558197,,0.0462558197
6871,0.5185,0.4845962235,,0.0339037765
6872,0.4383,0.484554741,,0.046254741
6873,0.5185,0.4845945571,,0.0339054429
6874,0.4383,0.4845296787,,0.0462296787
6875,0.5185,0.4845558301,,0.0339441699
6876,0.4877,0.5245106261,,0.0368106261
6877,0.4877,0.5123863255,,0.0246863255
6878,0.4321,0.5073485289,,0.0752485289
6879,0.5494,0.4960452312,,0.0533547688
6880,0.5432,0.4886190822,,0.0545809178
6881,0.5432,0.5082664161,,0.0349335839
6882,0.5432,0.4876601309,,0.0555398691
6883,0.5062,0.5100196451,,0.0038196451
6884,0.4506,0.4851823218,,0.0345823218
6885,0.5432,0.4853727706,,0.0578272294
6886,0.4506,0.4866731355,,0.0360731355
6887,0.5432,0.4849651032,,0.0582348968
6888,0.4506,0.4958905117,,0.0452905117
6889,0.5432,0.4952515437,,0.0479484563
6890,0.5432,0.5195075004,,0.0236924996
6891,0.4753,0.505920707,,0.030620707
6892,0.5432,0.4852724021,,0.0579275979
6893,0.5432,0.4951408948,,0.0480591052
6894,0.5494,0.4909373439,,0.0584626561
6895,0.4753,0.4925339982,,0.0172339982
6896,0.4506,0.5232355572,,0.0726355572
6897,0.4877,0.4952053606,,0.0075053606
6898,0.4136,0.5000951614,,0.0864951614
6899,0.5802,0.5026147657,,0.0775852343
6900,0.537,0.4977790439,,0.0392209561
6901,0.5802,0.4868037497,,0.0933962503
6902,0.5556,0.4867086384,,0.0688913616
6903,0.5556,0.4877435962,,0.0678564038
6904,0.5556,0.4954727939,,0.0601272061
6905,0.5185,0.4904346779,,0.0280653221
6906,0.4691,0.4943284322,,0.0252284322
6907,0.4691,0.4844888658,,0.0153888658
6908,0.5123,0.528760027,,0.016460027
6909,0.5123,0.5227931435,,0.0104931435
6910,0.4753,0.4845838626,,0.0092838626
6911,0.4753,0.4848143717,,0.0095143717
6912,0.5494,0.5103188263,,0.0390811737
6913,0.4321,0.4898122989,,0.0577122989
6914,0.4321,0.4890175411,,0.0569175411
6915,0.4321,0.5018174673,,0.0697174673
6916,0.4321,0.4957425347,,0.0636425347
6917,0.4383,0.5195908511,,0.0812908511
6918,0.4753,0.4850172828,,0.0097172828
6919,0.5926,0.4852298573,,0.1073701427
6920,0.5926,0.4865768663,,0.1060231337
6921,0.5062,0.4871528802,,0.0190471198
6922,0.5802,0.5090504561,,0.0711495439
6923,0.5802,0.4917862809,,0.0884137191
6924,0.3951,0.4787945898,,0.0836945898
6925,0.3951,0.4886158467,,0.0935158467
6926,0.3951,0.4986590215,,0.1035590215
6927,0.4877,0.50047583,,0.01277583
6928,0.5062,0.4878883579,,0.0183116421
6929,0.4753,0.4844942639,,0.0091942639
6930,0.5062,0.4887713217,,0.0174286783
6931,0.4753,0.4863129541,,0.0110129541
6932,0.5062,0.4943631677,,0.0118368323
6933,0.4753,0.4862329094,,0.0109329094
6934,0.4877,0.4985014295,,0.0108014295
6935,0.5556,0.4944509144,,0.0611490856
6936,0.4877,0.4935342774,,0.0058342774
6937,0.4321,0.5064580516,,0.0743580516
6938,0.4877,0.4941199521,,0.0064199521
6939,0.4321,0.4929540206,,0.0608540206
6940,0.537,0.483483082,,0.053516918
6941,0.5802,0.484524349,,0.095675651
6942,0.4136,0.5084427289,,0.0948427289
6943,0.4321,0.4999105591,,0.0678105591
6944,0.4136,0.5027159511,,0.0891159511
6945,0.4753,0.4853678495,,0.0100678495
6946,0.4321,0.496344923,,0.064244923
6947,0.4136,0.4881818507,,0.0745818507
6948,0.4321,0.511044372,,0.078944372
6949,0.5062,0.4846217515,,0.0215782485
6950,0.5802,0.4848231243,,0.0953768757
6951,0.5062,0.4950748189,,0.0111251811
6952,0.5802,0.4880538921,,0.0921461079
6953,0.5802,0.4866776198,,0.0935223802
6954,0.5802,0.4997811652,,0.0804188348
6955,0.5802,0.4972196561,,0.0829803439
6956,0.4753,0.5198285972,,0.0445285972
6957,0.4136,0.4984545196,,0.0848545196
6958,0.5494,0.5072460055,,0.0421539945
6959,0.5926,0.4849379315,,0.1076620685
6960,0.5926,0.5034493126,,0.0891506874
6961,0.5926,0.4942773423,,0.0983226577
6962,0.5926,0.4917902246,,0.1008097754
6963,0.5926,0.5011488771,,0.0914511229
6964,0.5926,0.4919034958,,0.1006965042
6965,0.4074,0.4869834881,,0.0795834881
6966,0.4877,0.4879119518,,0.0002119518
6967,0.4877,0.4979376293,,0.0102376293
6968,0.4877,0.4888720159,,0.0011720159
6969,0.4321,0.4849064467,,0.0528064467
6970,0.4506,0.4896720616,,0.0390720616
6971,0.4877,0.4844876609,,0.0032123391
6972,0.4753,0.4863348397,,0.0110348397
6973,0.4321,0.4993925033,,0.0672925033
6974,0.5556,0.4983615841,,0.0572384159
6975,0.4753,0.5014786673,,0.0261786673
6976,0.4753,0.4901745612,,0.0148745612
6977,0.4753,0.4906600119,,0.0153600119
6978,0.4753,0.4978744106,,0.0225744106
6979,0.4753,0.4992028483,,0.0239028483
6980,0.4321,0.4895330027,,0.0574330027
6981,0.4506,0.5189866865,,0.0683866865
6982,0.4691,0.4853672499,,0.0162672499
6983,0.5432,0.5003148923,,0.0428851077
6984,0.5185,0.4993862249,,0.0191137751
6985,0.4691,0.4847237014,,0.0156237014
6986,0.5432,0.4925384426,,0.0506615574
6987,0.5185,0.4941240556,,0.0243759444
6988,0.4691,0.4828781052,,0.0137781052
6989,0.5432,0.5025541736,,0.0406458264
6990,0.5185,0.5195908511,,0.0010908511
6991,0.4753,0.4852982138,,0.0099982138
6992,0.5123,0.4920271559,,0.0202728441
6993,0.5123,0.4931577884,,0.0191422116
6994,0.4506,0.4867134255,,0.0361134255
6995,0.4506,0.4864085471,,0.0358085471
6996,0.5926,0.4901185486,,0.1024814514
6997,0.5926,0.4906811567,,0.1019188433
6998,0.5926,0.4878711134,,0.1047288866
6999,0.5926,0.4877342867,,0.1048657133
7000,0.537,0.4845651754,,0.0524348246
7001,0.4753,0.4853924252,,0.0100924252
7002,0.537,0.4845085803,,0.0524914197
7003,0.4753,0.4847768625,,0.0094768625
7004,0.537,0.48634489,,0.05065511
7005,0.4753,0.4868393226,,0.0115393226
7006,0.537,0.4863561739,,0.0506438261
7007,0.4753,0.4800680876,,0.0047680876
7008,0.537,0.484545672,,0.052454328
7009,0.4753,0.4851815037,,0.0098815037
7010,0.537,0.4848419056,,0.0521580944
7011,0.4753,0.4847918819,,0.0094918819
7012,0.4136,0.4994134748,,0.0858134748
7013,0.5494,0.4957342172,,0.0536657828
7014,0.4136,0.4979911855,,0.0843911855
7015,0.5494,0.4960676513,,0.0533323487
7016,0.4691,0.4931136547,,0.0240136547
7017,0.4691,0.5002566365,,0.0311566365
7018,0.4877,0.5357838008,,0.0480838008
7019,0.5556,0.5096829788,,0.0459170212
7020,0.6049,0.4950367877,,0.1098632123
7021,0.5432,0.4951103631,,0.0480896369
7022,0.5802,0.4884121824,,0.0917878176
7023,0.4074,0.4871469006,,0.0797469006
7024,0.6049,0.501226568,,0.103673432
7025,0.5432,0.4973293004,,0.0458706996
7026,0.6049,0.5042625119,,0.1006374881
7027,0.5432,0.4953532514,,0.0478467486
7028,0.4321,0.5036314452,,0.0715314452
7029,0.4506,0.4911428314,,0.0405428314
7030,0.5432,0.4889658074,,0.0542341926
7031,0.4321,0.4846472807,,0.0525472807
7032,0.5432,0.4919841123,,0.0512158877
7033,0.5432,0.4906352023,,0.0525647977
7034,0.4321,0.4846607894,,0.0525607894
7035,0.5432,0.494586798,,0.048613202
7036,0.5432,0.4901849066,,0.0530150934
7037,0.4321,0.4846464636,,0.0525464636
7038,0.5432,0.4938938066,,0.0493061934
7039,0.537,0.5074960426,,0.0295039574
7040,0.4753,0.486859804,,0.011559804
7041,0.5062,0.4848169539,,0.0213830461
7042,0.4506,0.4890905025,,0.0384905025
7043,0.4506,0.487804709,,0.037204709
7044,0.4506,0.4880545722,,0.0374545722
7045,0.4753,0.499424884,,0.024124884
7046,0.4506,0.4856996232,,0.0350996232
7047,0.5556,0.4983413248,,0.0572586752
7048,0.5556,0.5356823019,,0.0199176981
7049,0.5432,0.4994933941,,0.0437066059
7050,0.5556,0.4969942162,,0.0586057838
7051,0.4506,0.484812718,,0.034212718
7052,0.4506,0.4854960836,,0.0348960836
7053,0.4506,0.48521452,,0.03461452
7054,0.4506,0.4960962366,,0.0454962366
7055,0.4506,0.4867741722,,0.0361741722
7056,0.4506,0.5044160939,,0.0538160939
7057,0.5802,0.4986236051,,0.0815763949
7058,0.5185,0.5192228095,,0.0007228095
7059,0.5062,0.484738841,,0.021461159
7060,0.4877,0.4871570129,,0.0005429871
7061,0.5926,0.4941911486,,0.0984088514
7062,0.4877,0.4849507514,,0.0027492486
7063,0.4753,0.487174466,,0.011874466
7064,0.5062,0.5118449659,,0.0056449659
7065,0.5062,0.5051990171,,0.0010009829
7066,0.5432,0.5067019747,,0.0364980253
7067,0.4136,0.4964898373,,0.0828898373
7068,0.4877,0.4956358106,,0.0079358106
7069,0.5123,0.4844969983,,0.0278030017
7070,0.5494,0.5484880155,,0.0009119845
7071,0.4321,0.4981519199,,0.0660519199
7072,0.4506,0.4785672451,,0.0279672451
7073,0.4506,0.4980234892,,0.0474234892
7074,0.537,0.4875922768,,0.0494077232
7075,0.5123,0.48450549,,0.02779451
7076,0.537,0.4893934392,,0.0476065608
7077,0.5123,0.4848781903,,0.0274218097
7078,0.4136,0.4936949419,,0.0800949419
7079,0.5247,0.4853241737,,0.0393758263
7080,0.4136,0.4893537076,,0.0757537076
7081,0.5247,0.4848081351,,0.0398918649
7082,0.4136,0.496184415,,0.082584415
7083,0.5247,0.4859090439,,0.0387909561
7084,0.4136,0.5102144754,,0.0966144754
7085,0.5247,0.4971400795,,0.0275599205
7086,0.4136,0.4993815132,,0.0857815132
7087,0.5247,0.4958965193,,0.0288034807
7088,0.5062,0.4844836674,,0.0217163326
7089,0.5123,0.4844873694,,0.0278126306
7090,0.4753,0.4939509575,,0.0186509575
7091,0.4753,0.4915728441,,0.0162728441
7092,0.4877,0.5053997908,,0.0176997908
7093,0.5123,0.4871454206,,0.0251545794
7094,0.5123,0.4861960584,,0.0261039416
7095,0.3951,0.5404661506,,0.1453661506
7096,0.4753,0.5001164794,,0.0248164794
7097,0.4383,0.4891639145,,0.0508639145
7098,0.5432,0.4875751921,,0.0556248079
7099,0.4383,0.487234566,,0.048934566
7100,0.5432,0.4862809132,,0.0569190868
7101,0.5247,0.5141082604,,0.0105917396
7102,0.5062,0.5161631358,,0.0099631358
7103,0.5062,0.5127182405,,0.0065182405
7104,0.5062,0.489549125,,0.016650875
7105,0.5062,0.4867536186,,0.0194463814
7106,0.5432,0.4988292815,,0.0443707185
7107,0.5802,0.54418877,,0.03601123
7108,0.5556,0.5040025866,,0.0515974134
7109,0.5556,0.496115991,,0.059484009
7110,0.4074,0.4924863424,,0.0850863424
7111,0.5926,0.4850618144,,0.1075381856
7112,0.4321,0.5089099911,,0.0768099911
7113,0.4321,0.4891138732,,0.0570138732
7114,0.4321,0.4875891243,,0.0554891243
7115,0.4321,0.4976259339,,0.0655259339
7116,0.4321,0.4886800401,,0.0565800401
7117,0.5556,0.4866512248,,0.0689487752
7118,0.5926,0.494857513,,0.097742487
7119,0.4506,0.5164115033,,0.0658115033
7120,0.5494,0.5350243322,,0.0143756678
7121,0.5802,0.4913865326,,0.0888134674
7122,0.5494,0.532516173,,0.016883827
7123,0.5062,0.4889911988,,0.0172088012
7124,0.5123,0.4886434854,,0.0236565146
7125,0.3951,0.4845480216,,0.0894480216
7126,0.4877,0.4859053057,,0.0017946943
7127,0.4877,0.4856103455,,0.0020896545
7128,0.4877,0.4966057746,,0.0089057746
7129,0.4877,0.4930135586,,0.0053135586
7130,0.4877,0.5030583879,,0.0153583879
7131,0.4753,0.4905101962,,0.0152101962
7132,0.4753,0.4977761232,,0.0224761232
7133,0.5123,0.5116166173,,0.0006833827
7134,0.5432,0.5000707673,,0.0431292327
7135,0.6049,0.4957282117,,0.1091717883
7136,0.6049,0.4851795763,,0.1197204237
7137,0.6049,0.4871686855,,0.1177313145
7138,0.6049,0.4852272488,,0.1196727512
7139,0.6049,0.4879633341,,0.1169366659
7140,0.5556,0.4967402697,,0.0588597303
7141,0.5185,0.4903390343,,0.0281609657
7142,0.5432,0.5092749725,,0.0339250275
7143,0.4753,0.4948934133,,0.0195934133
7144,0.3951,0.4937865877,,0.0986865877
7145,0.3951,0.5032365728,,0.1081365728
7146,0.3951,0.4964776089,,0.1013776089
7147,0.5802,0.4855105033,,0.0946894967
7148,0.5556,0.4852224909,,0.0703775091
7149,0.5432,0.4918290404,,0.0513709596
7150,0.6049,0.4985031291,,0.1063968709
7151,0.5432,0.4985152264,,0.0446847736
7152,0.6049,0.5030087151,,0.1018912849
7153,0.4506,0.5090132336,,0.0584132336
7154,0.4321,0.4874322502,,0.0553322502
7155,0.6049,0.5195075004,,0.0853924996
7156,0.5802,0.4917718999,,0.0884281001
7157,0.4506,0.5012406765,,0.0506406765
7158,0.4321,0.5000238373,,0.0679238373
7159,0.5926,0.5027369231,,0.0898630769
7160,0.5494,0.4938460154,,0.0555539846
7161,0.5432,0.4733531384,,0.0698468616
7162,0.4753,0.5129840032,,0.0376840032
7163,0.4321,0.4846851286,,0.0525851286
7164,0.4321,0.4955569781,,0.0634569781
7165,0.4321,0.4864016412,,0.0543016412
7166,0.4506,0.5014246562,,0.0508246562
7167,0.4753,0.4875270689,,0.0122270689
7168,0.5247,0.5032309376,,0.0214690624
7169,0.3951,0.5108089106,,0.1157089106
7170,0.4753,0.4854979804,,0.0101979804
7171,0.5926,0.4882247237,,0.1043752763
7172,0.4877,0.4976105788,,0.0099105788
7173,0.4506,0.4844988399,,0.0338988399
7174,0.4691,0.4897885224,,0.0206885224
7175,0.6049,0.4884482401,,0.1164517599
7176,0.4506,0.4852008264,,0.0346008264
7177,0.5432,0.4942942947,,0.0489057053
7178,0.4506,0.4850100277,,0.0344100277
7179,0.5432,0.4919726947,,0.0512273053
7180,0.4753,0.488154551,,0.012854551
7181,0.4753,0.4932492884,,0.0179492884
7182,0.4691,0.4849404569,,0.0158404569
7183,0.5123,0.4955427653,,0.0167572347
7184,0.4877,0.4847576328,,0.0029423672
7185,0.5556,0.4946139035,,0.0609860965
7186,0.5926,0.4919497703,,0.1006502297
7187,0.5802,0.4851569028,,0.0950430972
7188,0.5926,0.4850282325,,0.1075717675
7189,0.4321,0.4966165225,,0.0645165225
7190,0.5432,0.4960259507,,0.0471740493
7191,0.5432,0.5000814014,,0.0431185986
7192,0.5432,0.4965324175,,0.0466675825
7193,0.5432,0.4907304763,,0.0524695237
7194,0.4136,0.4954296378,,0.0818296378
7195,0.3951,0.4843291187,,0.0892291187
7196,0.537,0.48638827,,0.05061173
7197,0.537,0.486344478,,0.050655522
7198,0.4383,0.4849062756,,0.0466062756
7199,0.4753,0.5024538985,,0.0271538985
7200,0.4074,0.5005298014,,0.0931298014
7201,0.5494,0.4853049268,,0.0640950732
7202,0.4753,0.4865777503,,0.0112777503
7203,0.5185,0.4875598434,,0.0309401566
7204,0.4753,0.4852111379,,0.0099111379
7205,0.5185,0.4876676177,,0.0308323823
7206,0.4753,0.4851574307,,0.0098574307
7207,0.5185,0.4874413724,,0.0310586276
7208,0.4753,0.4850125667,,0.0097125667
7209,0.4753,0.4889721986,,0.0136721986
7210,0.4691,0.4937612749,,0.0246612749
7211,0.4753,0.4936735428,,0.0183735428
7212,0.4383,0.4959398491,,0.0576398491
7213,0.5062,0.4856424418,,0.0205575582
7214,0.4506,0.4847165442,,0.0341165442
7215,0.5123,0.494977517,,0.017322483
7216,0.5494,0.495338289,,0.054061711
7217,0.5123,0.4953350837,,0.0169649163
7218,0.5494,0.4956896727,,0.0537103273
7219,0.4506,0.4886243563,,0.0380243563
7220,0.4506,0.4866336425,,0.0360336425
7221,0.4506,0.4896018215,,0.0390018215
7222,0.4321,0.488262143,,0.056162143
7223,0.4753,0.4952745104,,0.0199745104
7224,0.4321,0.5221338579,,0.0900338579
7225,0.4753,0.4850231497,,0.0097231497
7226,0.4321,0.4900937833,,0.0579937833
7227,0.4753,0.485262893,,0.009962893
7228,0.4321,0.4870050904,,0.0549050904
7229,0.4753,0.4850176551,,0.0097176551
7230,0.4321,0.4870592279,,0.0549592279
7231,0.4753,0.4850295268,,0.0097295268
7232,0.4321,0.5009036531,,0.0688036531
7233,0.4753,0.4849278435,,0.0096278435
7234,0.537,0.5014020867,,0.0355979133
7235,0.4074,0.4860063923,,0.0786063923
7236,0.4877,0.4849421858,,0.0027578142
7237,0.5062,0.4880089653,,0.0181910347
7238,0.5062,0.4887043117,,0.0174956883
7239,0.5062,0.4863749004,,0.0198250996
7240,0.5062,0.4853058846,,0.0208941154
7241,0.4383,0.5078713529,,0.0695713529
7242,0.4383,0.4946434747,,0.0563434747
7243,0.4383,0.4903578432,,0.0520578432
7244,0.4383,0.4895999705,,0.0512999705
7245,0.5494,0.5087564237,,0.0406435763
7246,0.6049,0.4941814998,,0.1107185002
7247,0.4321,0.500940863,,0.068840863
7248,0.4321,0.4870011998,,0.0549011998
7249,0.5432,0.4940976861,,0.0491023139
7250,0.4877,0.4996626172,,0.0119626172
7251,0.4321,0.4900223012,,0.0579223012
7252,0.5432,0.5032963152,,0.0399036848
7253,0.5432,0.4901120233,,0.0530879767
7254,0.5432,0.4982076565,,0.0449923435
7255,0.3951,0.4960305092,,0.1009305092
7256,0.3951,0.4902105178,,0.0951105178
7257,0.4506,0.4867330415,,0.0361330415
7258,0.6049,0.4964898373,,0.1084101627
7259,0.5185,0.506354926,,0.012145074
7260,0.5926,0.4850104786,,0.1075895214
7261,0.4321,0.4878946572,,0.0557946572
7262,0.5556,0.4908901872,,0.0647098128
7263,0.5432,0.5045606284,,0.0386393716
7264,0.4136,0.491865952,,0.078265952
7265,0.5494,0.5087437339,,0.0406562661
7266,0.4506,0.5035975875,,0.0529975875
7267,0.5556,0.5369549767,,0.0186450233
7268,0.4691,0.4863696594,,0.0172696594
7269,0.4383,0.4892268428,,0.0509268428
7270,0.4383,0.4939376793,,0.0556376793
7271,0.4383,0.4921673662,,0.0538673662
7272,0.4383,0.4938866846,,0.0555866846
7273,0.4383,0.4951034612,,0.0568034612
7274,0.5247,0.4845868918,,0.0401131082
7275,0.4691,0.5091736469,,0.0400736469
7276,0.5494,0.4951192673,,0.0542807327
7277,0.5247,0.4925888732,,0.0321111268
7278,0.4506,0.5073879805,,0.0567879805
7279,0.5802,0.5145299533,,0.0656700467
7280,0.3951,0.5194805276,,0.1243805276
7281,0.5432,0.4846429905,,0.0585570095
7282,0.5432,0.4945125831,,0.0486874169
7283,0.5185,0.4927761541,,0.0257238459
7284,0.5432,0.5090850177,,0.0341149823
7285,0.5185,0.505109263,,0.013390737
7286,0.5432,0.4835441166,,0.0596558834
7287,0.4321,0.4941380079,,0.0620380079
7288,0.4753,0.4846050207,,0.0093050207
7289,0.5926,0.4859207722,,0.1066792278
7290,0.4753,0.4846795385,,0.0093795385
7291,0.5926,0.4867629364,,0.1058370636
7292,0.5556,0.5236617764,,0.0319382236
7293,0.5926,0.4920935946,,0.1005064054
7294,0.5123,0.4944206528,,0.0178793472
7295,0.6049,0.5196963873,,0.0852036127
7296,0.6049,0.4892797446,,0.1156202554
7297,0.5494,0.486784267,,0.062615733
7298,0.6049,0.489126637,,0.115773363
7299,0.5494,0.4867587421,,0.0626412579
7300,0.6049,0.4872079977,,0.1176920023
7301,0.5494,0.4849276944,,0.0644723056
7302,0.6049,0.4910728795,,0.1138271205
7303,0.5494,0.4848290116,,0.0645709884
7304,0.3951,0.4913514218,,0.0962514218
7305,0.5494,0.4947287353,,0.0546712647
7306,0.4136,0.5025479952,,0.0889479952
7307,0.5432,0.4846074643,,0.0585925357
7308,0.5432,0.4952723834,,0.0479276166
7309,0.5432,0.4845862334,,0.0586137666
7310,0.5432,0.4937064918,,0.0494935082
7311,0.5432,0.484580223,,0.058619777
7312,0.5432,0.4950416559,,0.0481583441
7313,0.537,0.496039955,,0.040960045
7314,0.5123,0.4845109065,,0.0277890935
7315,0.5556,0.4982631041,,0.0573368959
7316,0.537,0.4845469573,,0.0524530427
7317,0.5556,0.4932848028,,0.0623151972
7318,0.537,0.484519732,,0.052480268
7319,0.3951,0.4876745451,,0.0925745451
7320,0.4506,0.4849757061,,0.0343757061
7321,0.4877,0.4981015131,,0.0104015131
7322,0.5802,0.5020863792,,0.0781136208
7323,0.5123,0.4992933852,,0.0130066148
7324,0.5432,0.5142582309,,0.0289417691
7325,0.5556,0.5165174395,,0.0390825605
7326,0.5123,0.496717915,,0.015582085
7327,0.5062,0.4954912971,,0.0107087029
7328,0.5123,0.4952092939,,0.0170907061
7329,0.5062,0.4840108696,,0.0221891304
7330,0.5123,0.4979912845,,0.0143087155
7331,0.4753,0.5014900314,,0.0261900314
7332,0.4753,0.4910500088,,0.0157500088
7333,0.6049,0.5068560678,,0.0980439322
7334,0.5185,0.4854454451,,0.0330545549
7335,0.4506,0.4884289979,,0.0378289979
7336,0.6049,0.4857822291,,0.1191177709
7337,0.5926,0.4981630409,,0.0944369591
7338,0.4877,0.4955976798,,0.0078976798
7339,0.4877,0.4849771327,,0.0027228673
7340,0.5123,0.5469251931,,0.0346251931
7341,0.5247,0.4844909562,,0.0402090438
7342,0.5247,0.4862022118,,0.0384977882
7343,0.5247,0.4845328673,,0.0401671327
7344,0.4506,0.4886922793,,0.0380922793
7345,0.5432,0.4842482687,,0.0589517313
7346,0.5556,0.4936012119,,0.0619987881
7347,0.5432,0.5073115125,,0.0358884875
7348,0.5556,0.4922991724,,0.0633008276
7349,0.5185,0.4872710111,,0.0312289889
7350,0.4383,0.4845689975,,0.0462689975
7351,0.5926,0.5164830103,,0.0761169897
7352,0.5185,0.4884480347,,0.0300519653
7353,0.4383,0.4845484356,,0.0462484356
7354,0.5926,0.5121659379,,0.0804340621
7355,0.5185,0.4985633326,,0.0199366674
7356,0.4383,0.486312895,,0.048012895
7357,0.5926,0.5217383599,,0.0708616401
7358,0.5185,0.4966211739,,0.0218788261
7359,0.4383,0.4863287678,,0.0480287678
7360,0.5926,0.5060936717,,0.0865063283
7361,0.5185,0.4868099885,,0.0316900115
7362,0.4383,0.4844987968,,0.0461987968
7363,0.5926,0.534214938,,0.058385062
7364,0.5185,0.4860860887,,0.0324139113
7365,0.4383,0.4845310423,,0.0462310423
7366,0.5926,0.5075109288,,0.0850890712
7367,0.5185,0.49768471,,0.02081529
7368,0.4383,0.4838127804,,0.0455127804
7369,0.5926,0.5144470472,,0.0781529528
7370,0.5185,0.4872336437,,0.0312663563
7371,0.4383,0.4845244345,,0.0462244345
7372,0.5926,0.5054199983,,0.0871800017
7373,0.5185,0.4877405043,,0.0307594957
7374,0.4383,0.4849029461,,0.0466029461
7375,0.5926,0.5077515107,,0.0848484893
7376,0.5185,0.4966226725,,0.0218773275
7377,0.4383,0.4863262214,,0.0480262214
7378,0.5926,0.5046251686,,0.0879748314
7379,0.4321,0.4899651234,,0.0578651234
7380,0.4753,0.5241309815,,0.0488309815
7381,0.4506,0.4869477946,,0.0363477946
7382,0.5926,0.52117813,,0.07142187
7383,0.4753,0.4978894501,,0.0225894501
7384,0.4753,0.4898956939,,0.0145956939
7385,0.537,0.4919614222,,0.0450385778
7386,0.5926,0.488576765,,0.104023235
7387,0.5926,0.5013745932,,0.0912254068
7388,0.5926,0.4866117203,,0.1059882797
7389,0.5494,0.5195075004,,0.0298924996
7390,0.4753,0.4995843161,,0.0242843161
7391,0.4074,0.4851748928,,0.0777748928
7392,0.4074,0.4958471592,,0.0884471592
7393,0.4506,0.4865937274,,0.0359937274
7394,0.4753,0.4941135562,,0.0188135562
7395,0.5123,0.4968564589,,0.0154435411
7396,0.5123,0.4942210659,,0.0180789341
7397,0.5123,0.496038577,,0.016261423
7398,0.5432,0.4954732072,,0.0477267928
7399,0.5185,0.5062040128,,0.0122959872
7400,0.5556,0.4990605762,,0.0565394238
7401,0.5556,0.5069880344,,0.0486119656
7402,0.5556,0.5002557929,,0.0553442071
7403,0.5556,0.5021607377,,0.0534392623
7404,0.5556,0.4845607903,,0.0710392097
7405,0.4383,0.4855243035,,0.0472243035
7406,0.5556,0.4845570101,,0.0710429899
7407,0.4383,0.4854751207,,0.0471751207
7408,0.5802,0.5134649065,,0.0667350935
7409,0.6049,0.5336131412,,0.0712868588
7410,0.4506,0.4845556564,,0.0339556564
7411,0.4753,0.4857622768,,0.0104622768
7412,0.5802,0.4848882954,,0.0953117046
7413,0.4321,0.5098634277,,0.0777634277
7414,0.5432,0.515129868,,0.028070132
7415,0.4753,0.4869572919,,0.0116572919
7416,0.3951,0.4846558704,,0.0895558704
7417,0.4877,0.5078010498,,0.0201010498
7418,0.5556,0.5443960242,,0.0112039758
7419,0.5062,0.5125831302,,0.0063831302
7420,0.5247,0.4904845711,,0.0342154289
7421,0.4136,0.5049865573,,0.0913865573
7422,0.4136,0.5026009947,,0.0890009947
7423,0.5247,0.4977861333,,0.0269138667
7424,0.5556,0.50270446,,0.05289554
7425,0.5926,0.5482935512,,0.0443064488
7426,0.4753,0.4846106788,,0.0093106788
7427,0.6049,0.4920495448,,0.1128504552
7428,0.4506,0.4852529706,,0.0346529706
7429,0.5432,0.4983951132,,0.0448048868
7430,0.5123,0.5122496958,,5.03042418369404E-005
7431,0.5247,0.4857039857,,0.0389960143
7432,0.5556,0.4864142073,,0.0691857927
7433,0.5123,0.4852057969,,0.0270942031
7434,0.5247,0.4312233171,,0.0934766829
7435,0.5556,0.4860679364,,0.0695320636
7436,0.5123,0.4871310821,,0.0251689179
7437,0.5247,0.4261074186,,0.0985925814
7438,0.5556,0.4860367783,,0.0695632217
7439,0.5123,0.4855757589,,0.0267242411
7440,0.4136,0.5282797091,,0.1146797091
7441,0.5556,0.4942157566,,0.0613842434
7442,0.5556,0.4910469051,,0.0645530949
7443,0.5123,0.4914523856,,0.0208476144
7444,0.5494,0.4860246055,,0.0633753945
7445,0.5123,0.4895927242,,0.0227072758
7446,0.5494,0.4855853657,,0.0638146343
7447,0.4321,0.4852402607,,0.0531402607
7448,0.4321,0.4850611202,,0.0529611202
7449,0.5556,0.503060645,,0.052539355
7450,0.4321,0.4845446521,,0.0524446521
7451,0.5185,0.500135811,,0.018364189
7452,0.4383,0.5002290122,,0.0619290122
7453,0.5556,0.4855191632,,0.0700808368
7454,0.4383,0.4914081163,,0.0531081163
7455,0.5556,0.4848723892,,0.0707276108
7456,0.5432,0.4988032397,,0.0443967603
7457,0.4877,0.491740184,,0.004040184
7458,0.4877,0.486311838,,0.001388162
7459,0.4506,0.4852478059,,0.0346478059
7460,0.3951,0.4852238509,,0.0901238509
7461,0.5432,0.4865720408,,0.0566279592
7462,0.5432,0.4851938516,,0.0580061484
7463,0.4753,0.4848872197,,0.0095872197
7464,0.4877,0.5180546233,,0.0303546233
7465,0.5926,0.53401297,,0.05858703
7466,0.4877,0.4850471268,,0.0026528732
7467,0.4691,0.4854495075,,0.0163495075
7468,0.4383,0.4869216247,,0.0486216247
7469,0.5123,0.4852445032,,0.0270554968
7470,0.5123,0.4856457744,,0.0266542256
7471,0.4383,0.4993677705,,0.0610677705
7472,0.5802,0.492922563,,0.087277437
7473,0.4691,0.4899493888,,0.0208493888
7474,0.6049,0.4970700754,,0.1078299246
7475,0.5185,0.4970700754,,0.0214299246
7476,0.6049,0.4956176298,,0.1092823702
7477,0.6049,0.5195075004,,0.0853924996
7478,0.5185,0.5195075004,,0.0010075004
7479,0.6049,0.5057319553,,0.0991680447
7480,0.6049,0.4962240697,,0.1086759303
7481,0.5185,0.4962240697,,0.0222759303
7482,0.6049,0.4972501787,,0.1076498213
7483,0.4691,0.5066564322,,0.0375564322
7484,0.5247,0.4975361333,,0.0271638667
7485,0.4506,0.4851710107,,0.0345710107
7486,0.4506,0.5063313536,,0.0557313536
7487,0.4074,0.4994411199,,0.0920411199
7488,0.4074,0.5027001207,,0.0953001207
7489,0.4074,0.4919248353,,0.0845248353
7490,0.4074,0.4994411199,,0.0920411199
7491,0.537,0.505207588,,0.031792412
7492,0.5926,0.4858544422,,0.1067455578
7493,0.5185,0.5195908511,,0.0010908511
7494,0.4383,0.4927788874,,0.0544788874
7495,0.5432,0.4914028848,,0.0517971152
7496,0.4383,0.4943547821,,0.0560547821
7497,0.5432,0.4927557637,,0.0504442363
7498,0.4136,0.4948172321,,0.0812172321
7499,0.5432,0.4853676248,,0.0578323752
7500,0.4506,0.5195908511,,0.0689908511
7501,0.5123,0.4997486038,,0.0125513962
7502,0.5432,0.4949078981,,0.0482921019
7503,0.4506,0.4904430522,,0.0398430522
7504,0.5432,0.4847043753,,0.0584956247
7505,0.4753,0.4850003618,,0.0097003618
7506,0.5926,0.4850443721,,0.1075556279
7507,0.5556,0.4969937142,,0.0586062858
7508,0.5432,0.4845898883,,0.0586101117
7509,0.4074,0.4948772409,,0.0874772409
7510,0.5062,0.4850127114,,0.0211872886
7511,0.5926,0.4844997258,,0.1081002742
7512,0.4753,0.4952391778,,0.0199391778
7513,0.4753,0.527473201,,0.052173201
7514,0.5432,0.5072215979,,0.0359784021
7515,0.4506,0.4848056404,,0.0342056404
7516,0.4074,0.4986223106,,0.0912223106
7517,0.5926,0.5286706491,,0.0639293509
7518,0.5123,0.5068862442,,0.0054137558
7519,0.5247,0.4957672783,,0.0289327217
7520,0.5432,0.5075927,,0.0356073
7521,0.4753,0.488131903,,0.012831903
7522,0.4753,0.4861180534,,0.0108180534
7523,0.4753,0.4869869064,,0.0116869064
7524,0.4753,0.4869607774,,0.0116607774
7525,0.4753,0.4857118422,,0.0104118422
7526,0.5062,0.4945833054,,0.0116166946
7527,0.5062,0.5168428302,,0.0106428302
7528,0.4691,0.4855053849,,0.0164053849
7529,0.4753,0.4994265131,,0.0241265131
7530,0.537,0.4943329726,,0.0426670274
7531,0.4691,0.4846140139,,0.0155140139
7532,0.4691,0.4846189208,,0.0155189208
7533,0.4074,0.484828973,,0.077428973
7534,0.5556,0.485944757,,0.069655243
7535,0.5556,0.4850176809,,0.0705823191
7536,0.5926,0.4850448919,,0.1075551081
7537,0.5432,0.5004517696,,0.0427482304
7538,0.5802,0.4958291833,,0.0843708167
7539,0.5062,0.489118994,,0.017081006
7540,0.5062,0.4983974807,,0.0078025193
7541,0.5062,0.5009940537,,0.0052059463
7542,0.5556,0.4996128042,,0.0559871958
7543,0.4506,0.4938295333,,0.0432295333
7544,0.5494,0.4959719681,,0.0534280319
7545,0.4753,0.4844822467,,0.0091822467
7546,0.4321,0.4849585499,,0.0528585499
7547,0.4753,0.4844823418,,0.0091823418
7548,0.4321,0.4850588508,,0.0529588508
7549,0.5926,0.5007934773,,0.0918065227
7550,0.5926,0.4960843835,,0.0965156165
7551,0.5494,0.5116734917,,0.0377265083
7552,0.4753,0.4897720171,,0.0144720171
7553,0.6049,0.5063326231,,0.0985673769
7554,0.3951,0.5000154258,,0.1049154258
7555,0.4691,0.5050933326,,0.0359933326
7556,0.3951,0.4849715245,,0.0898715245
7557,0.3951,0.4847963935,,0.0896963935
7558,0.5432,0.4956935649,,0.0475064351
7559,0.5556,0.5000243589,,0.0555756411
7560,0.4074,0.5039437997,,0.0965437997
7561,0.4321,0.4958744602,,0.0637744602
7562,0.4506,0.5058752195,,0.0552752195
7563,0.5556,0.4900900573,,0.0655099427
7564,0.4136,0.4921648599,,0.0785648599
7565,0.5432,0.4854489132,,0.0577510868
7566,0.5432,0.4873139784,,0.0558860216
7567,0.4136,0.5072108432,,0.0936108432
7568,0.5432,0.511280753,,0.031919247
7569,0.5556,0.5166611031,,0.0389388969
7570,0.5556,0.510735066,,0.044864934
7571,0.4074,0.4932564969,,0.0858564969
7572,0.5247,0.4924766115,,0.0322233885
7573,0.5556,0.4941323645,,0.0614676355
7574,0.5247,0.4949214089,,0.0297785911
7575,0.5556,0.4969717996,,0.0586282004
7576,0.4321,0.5413930947,,0.1092930947
7577,0.5123,0.4901562845,,0.0221437155
7578,0.4321,0.5421004036,,0.1100004036
7579,0.5123,0.4907525858,,0.0215474142
7580,0.4753,0.4849963316,,0.0096963316
7581,0.4877,0.491181658,,0.003481658
7582,0.5926,0.4988013844,,0.0937986156
7583,0.5926,0.5085488477,,0.0840511523
7584,0.4074,0.4846312044,,0.0772312044
7585,0.4321,0.5175483216,,0.0854483216
7586,0.537,0.5008811265,,0.0361188735
7587,0.5494,0.4873158227,,0.0620841773
7588,0.4506,0.4889592344,,0.0383592344
7589,0.5123,0.4974066878,,0.0148933122
7590,0.4506,0.4910564209,,0.0404564209
7591,0.5123,0.4981870021,,0.0141129979
7592,0.4506,0.4879311154,,0.0373311154
7593,0.5123,0.4948374588,,0.0174625412
7594,0.4506,0.4887197862,,0.0381197862
7595,0.5123,0.5394084465,,0.0271084465
7596,0.4753,0.48714343,,0.01184343
7597,0.4321,0.4960338782,,0.0639338782
7598,0.5432,0.4922058326,,0.0509941674
7599,0.5247,0.4914042792,,0.0332957208
7600,0.4074,0.5048425548,,0.0974425548
7601,0.4074,0.4788861109,,0.0714861109
7602,0.5185,0.4974534631,,0.0210465369
7603,0.5185,0.5176812426,,0.0008187574
7604,0.5556,0.4980239493,,0.0575760507
7605,0.3951,0.4848366274,,0.0897366274
7606,0.5185,0.4989956163,,0.0195043837
7607,0.3951,0.4848355634,,0.0897355634
7608,0.5185,0.4989616449,,0.0195383551
7609,0.5556,0.4944721202,,0.0611278798
7610,0.5432,0.5162853381,,0.0269146619
7611,0.4136,0.5116734917,,0.0980734917
7612,0.6049,0.5047284197,,0.1001715803
7613,0.6049,0.4950681975,,0.1098318025
7614,0.6049,0.4933981993,,0.1115018007
7615,0.5926,0.4999325938,,0.0926674062
7616,0.4753,0.5057401488,,0.0304401488
7617,0.4753,0.4925116639,,0.0172116639
7618,0.5123,0.5004259126,,0.0118740874
7619,0.4321,0.4971236748,,0.0650236748
7620,0.4074,0.4873439774,,0.0799439774
7621,0.5926,0.4860090758,,0.1065909242
7622,0.4753,0.4930380517,,0.0177380517
7623,0.4753,0.4900581881,,0.0147581881
7624,0.537,0.5041101668,,0.0328898332
7625,0.5926,0.5058092097,,0.0867907903
7626,0.4877,0.4967765947,,0.0090765947
7627,0.5432,0.5082106679,,0.0349893321
7628,0.4136,0.5039672594,,0.0903672594
7629,0.5432,0.4985927476,,0.0446072524
7630,0.5432,0.4999704977,,0.0432295023
7631,0.5556,0.5145692425,,0.0410307575
7632,0.4691,0.5246477154,,0.0555477154
7633,0.4383,0.4954798515,,0.0571798515
7634,0.4383,0.4846349222,,0.0463349222
7635,0.4136,0.4901754363,,0.0765754363
7636,0.3951,0.4849979702,,0.0898979702
7637,0.4383,0.5016930432,,0.0633930432
7638,0.5926,0.4961646772,,0.0964353228
7639,0.4383,0.5022981788,,0.0639981788
7640,0.5926,0.4975133724,,0.0950866276
7641,0.537,0.4910816396,,0.0459183604
7642,0.537,0.5006187776,,0.0363812224
7643,0.537,0.499024093,,0.037975907
7644,0.5185,0.5122496958,,0.0062503042
7645,0.5556,0.4982157078,,0.0573842922
7646,0.5556,0.4936882437,,0.0619117563
7647,0.5432,0.4852410382,,0.0579589618
7648,0.5123,0.4941565049,,0.0181434951
7649,0.5432,0.4895187191,,0.0536812809
7650,0.5123,0.5113125103,,0.0009874897
7651,0.5432,0.4928343201,,0.0503656799
7652,0.4321,0.4968060514,,0.0647060514
7653,0.5432,0.4901074413,,0.0530925587
7654,0.4321,0.4928046432,,0.0607046432
7655,0.4877,0.4870062757,,0.0006937243
7656,0.5185,0.4976820206,,0.0208179794
7657,0.4753,0.4845576156,,0.0092576156
7658,0.5556,0.497752511,,0.057847489
7659,0.5556,0.4889990271,,0.0666009729
7660,0.537,0.4723929884,,0.0646070116
7661,0.3951,0.4906577197,,0.0955577197
7662,0.4877,0.4850990402,,0.0026009598
7663,0.4753,0.491073199,,0.015773199
7664,0.4753,0.4958829285,,0.0205829285
7665,0.5926,0.4857431689,,0.1068568311
7666,0.5926,0.487417381,,0.105182619
7667,0.4074,0.4868001433,,0.0794001433
7668,0.4321,0.4852550923,,0.0531550923
7669,0.537,0.4846197585,,0.0523802415
7670,0.4321,0.4849228467,,0.0528228467
7671,0.537,0.4845601502,,0.0524398498
7672,0.5432,0.4959544818,,0.0472455182
7673,0.5432,0.4853568544,,0.0578431456
7674,0.4136,0.490646161,,0.077046161
7675,0.4136,0.4878248323,,0.0742248323
7676,0.4136,0.5161034752,,0.1025034752
7677,0.5247,0.5056178311,,0.0190821689
7678,0.6049,0.5030600957,,0.1018399043
7679,0.4074,0.5185248964,,0.1111248964
7680,0.5432,0.5024300877,,0.0407699123
7681,0.4753,0.509658557,,0.034358557
7682,0.5432,0.4917559656,,0.0514440344
7683,0.4753,0.4796055482,,0.0043055482
7684,0.537,0.4917420477,,0.0452579523
7685,0.537,0.4889826574,,0.0480173426
7686,0.5123,0.4930890424,,0.0192109576
7687,0.5432,0.4866707316,,0.0565292684
7688,0.5432,0.4876263681,,0.0555736319
7689,0.5432,0.4849057401,,0.0582942599
7690,0.5432,0.5058023449,,0.0373976551
7691,0.5432,0.506733499,,0.036466501
7692,0.5556,0.501992885,,0.053607115
7693,0.5494,0.4946535297,,0.0547464703
7694,0.5556,0.5056497004,,0.0499502996
7695,0.4383,0.5043627326,,0.0660627326
7696,0.5247,0.497213616,,0.027486384
7697,0.4877,0.500660457,,0.012960457
7698,0.4877,0.5026293163,,0.0149293163
7699,0.4877,0.4937190461,,0.0060190461
7700,0.4136,0.4867866256,,0.0731866256
7701,0.4136,0.4855552573,,0.0719552573
7702,0.4136,0.4875972419,,0.0739972419
7703,0.5185,0.4859871734,,0.0325128266
7704,0.4753,0.496838877,,0.021538877
7705,0.4753,0.4873494193,,0.0120494193
7706,0.4753,0.4962579741,,0.0209579741
7707,0.4753,0.4855301584,,0.0102301584
7708,0.4383,0.4867000705,,0.0484000705
7709,0.5556,0.5094757476,,0.0461242524
7710,0.4383,0.4894695927,,0.0511695927
7711,0.4383,0.4919914704,,0.0536914704
7712,0.5123,0.4909001938,,0.0213998062
7713,0.6049,0.4900039556,,0.1148960444
7714,0.6049,0.4893877363,,0.1155122637
7715,0.4691,0.4856056812,,0.0165056812
7716,0.4691,0.4855022983,,0.0164022983
7717,0.4691,0.4960704792,,0.0269704792
7718,0.4691,0.4881875046,,0.0190875046
7719,0.4753,0.4940443152,,0.0187443152
7720,0.4753,0.4852697976,,0.0099697976
7721,0.4753,0.4848521247,,0.0095521247
7722,0.5062,0.4848258412,,0.0213741588
7723,0.4506,0.5195075004,,0.0689075004
7724,0.5556,0.5106612384,,0.0449387616
7725,0.4074,0.4892803358,,0.0818803358
7726,0.4877,0.485156881,,0.002543119
7727,0.4506,0.4850358267,,0.0344358267
7728,0.4877,0.4945566103,,0.0068566103
7729,0.4506,0.4845765539,,0.0339765539
7730,0.4506,0.4869549527,,0.0363549527
7731,0.5432,0.4955840229,,0.0476159771
7732,0.5494,0.4833968333,,0.0660031667
7733,0.4506,0.4866414009,,0.0360414009
7734,0.5432,0.4952244206,,0.0479755794
7735,0.5494,0.4862881799,,0.0631118201
7736,0.4506,0.4844905256,,0.0338905256
7737,0.5432,0.48453899,,0.05866101
7738,0.5494,0.4851276402,,0.0642723598
7739,0.4506,0.4845074058,,0.0339074058
7740,0.5432,0.4846493681,,0.0585506319
7741,0.5494,0.4863414884,,0.0630585116
7742,0.4506,0.4845045546,,0.0339045546
7743,0.5432,0.4846303292,,0.0585696708
7744,0.5494,0.486135082,,0.063264918
7745,0.4506,0.4857536165,,0.0351536165
7746,0.5432,0.4870458352,,0.0561541648
7747,0.5494,0.4857445331,,0.0636554669
7748,0.4506,0.4866456759,,0.0360456759
7749,0.5432,0.4953783916,,0.0478216084
7750,0.5494,0.4858966028,,0.0635033972
7751,0.4506,0.4844901338,,0.0338901338
7752,0.5432,0.4845244532,,0.0586755468
7753,0.5494,0.4849637794,,0.0644362206
7754,0.4506,0.4863158542,,0.0357158542
7755,0.5432,0.486429435,,0.056770565
7756,0.5494,0.4856007753,,0.0637992247
7757,0.537,0.5104841916,,0.0265158084
7758,0.4136,0.498754437,,0.085154437
7759,0.4506,0.5047363871,,0.0541363871
7760,0.537,0.4964898373,,0.0405101627
7761,0.4136,0.5002664845,,0.0866664845
7762,0.4506,0.504778478,,0.054178478
7763,0.537,0.4958373881,,0.0411626119
7764,0.4136,0.4959588396,,0.0823588396
7765,0.4506,0.4955495932,,0.0449495932
7766,0.4321,0.4984887606,,0.0663887606
7767,0.5123,0.5195075004,,0.0072075004
7768,0.5926,0.4995705475,,0.0930294525
7769,0.5123,0.5007357922,,0.0115642078
7770,0.5432,0.5112632592,,0.0319367408
7771,0.5185,0.4957667128,,0.0227332872
7772,0.4321,0.5040434104,,0.0719434104
7773,0.4321,0.4909948052,,0.0588948052
7774,0.4321,0.4907253212,,0.0586253212
7775,0.4321,0.4928573491,,0.0607573491
7776,0.4753,0.4844339726,,0.0091339726
7777,0.5185,0.499311853,,0.019188147
7778,0.3951,0.4909679476,,0.0958679476
7779,0.5185,0.4987711445,,0.0197288555
7780,0.3951,0.490693548,,0.095593548
7781,0.4321,0.4988715845,,0.0667715845
7782,0.5926,0.4996812436,,0.0929187564
7783,0.4753,0.4995761439,,0.0242761439
7784,0.4136,0.4904602699,,0.0768602699
7785,0.5432,0.4884868015,,0.0547131985
7786,0.4136,0.4970419543,,0.0834419543
7787,0.4321,0.4928865464,,0.0607865464
7788,0.5802,0.5210426446,,0.0591573554
7789,0.4506,0.4881948321,,0.0375948321
7790,0.4506,0.4863067013,,0.0357067013
7791,0.6049,0.4977484721,,0.1071515279
7792,0.6049,0.4950883273,,0.1098116727
7793,0.4691,0.4779561314,,0.0088561314
7794,0.5556,0.5195075004,,0.0360924996
7795,0.4383,0.4873874722,,0.0490874722
7796,0.4506,0.4848161809,,0.0342161809
7797,0.5432,0.5112655202,,0.0319344798
7798,0.4074,0.5106077844,,0.1032077844
7799,0.5247,0.504449244,,0.020250756
7800,0.5185,0.4992417147,,0.0192582853
7801,0.5247,0.499370632,,0.025329368
7802,0.5185,0.4968547658,,0.0216452342
7803,0.5062,0.499807635,,0.006392365
7804,0.4321,0.4970700754,,0.0649700754
7805,0.3951,0.4852424744,,0.0901424744
7806,0.3951,0.4852719317,,0.0901719317
7807,0.4753,0.5076956301,,0.0323956301
7808,0.4074,0.4867674569,,0.0793674569
7809,0.3951,0.4973507023,,0.1022507023
7810,0.4074,0.4846459758,,0.0772459758
7811,0.3951,0.4887808088,,0.0936808088
7812,0.4074,0.4954346128,,0.0880346128
7813,0.3951,0.4976929603,,0.1025929603
7814,0.4074,0.4863905236,,0.0789905236
7815,0.3951,0.4980338369,,0.1029338369
7816,0.4074,0.4848564314,,0.0774564314
7817,0.3951,0.4874484616,,0.0923484616
7818,0.4074,0.4847295552,,0.0773295552
7819,0.3951,0.4907647542,,0.0956647542
7820,0.5432,0.4953924077,,0.0478075923
7821,0.5062,0.5340196239,,0.0278196239
7822,0.5432,0.4865641985,,0.0566358015
7823,0.4506,0.5060534543,,0.0554534543
7824,0.5494,0.5186898043,,0.0307101957
7825,0.5926,0.503131516,,0.089468484
7826,0.5494,0.5159784036,,0.0334215964
7827,0.5926,0.4975724346,,0.0950275654
7828,0.5494,0.5140671789,,0.0353328211
7829,0.5926,0.4805194318,,0.1120805682
7830,0.5494,0.5137364713,,0.0356635287
7831,0.5926,0.4946132793,,0.0979867207
7832,0.4506,0.4997974955,,0.0491974955
7833,0.4074,0.4555499306,,0.0481499306
7834,0.4074,0.4649116771,,0.0575116771
7835,0.4321,0.4873129443,,0.0552129443
7836,0.4321,0.4872022577,,0.0551022577
7837,0.4877,0.5195075004,,0.0318075004
7838,0.3951,0.4913403057,,0.0962403057
7839,0.5062,0.4854349743,,0.0207650257
7840,0.3951,0.4873717327,,0.0922717327
7841,0.5062,0.4848610687,,0.0213389313
7842,0.4691,0.5067652304,,0.0376652304
7843,0.5432,0.4847816956,,0.0584183044
7844,0.5432,0.4959283555,,0.0472716445
7845,0.5432,0.4868842208,,0.0563157792
7846,0.5432,0.485218809,,0.057981191
7847,0.4691,0.5053997908,,0.0362997908
7848,0.4877,0.4869145617,,0.0007854383
7849,0.3951,0.498754437,,0.103654437
7850,0.5802,0.5012283269,,0.0789716731
7851,0.4136,0.4995148546,,0.0859148546
7852,0.5926,0.4905510261,,0.1020489739
7853,0.4753,0.4905571771,,0.0152571771
7854,0.5926,0.4905510261,,0.1020489739
7855,0.4753,0.4905571771,,0.0152571771
7856,0.4506,0.4910335729,,0.0404335729
7857,0.4074,0.4879410127,,0.0805410127
7858,0.4074,0.4881101621,,0.0807101621
7859,0.3951,0.4870108294,,0.0919108294
7860,0.537,0.489369934,,0.047630066
7861,0.4321,0.4914175732,,0.0593175732
7862,0.5926,0.4908452619,,0.1017547381
7863,0.5926,0.488578662,,0.104021338
7864,0.4383,0.4987968213,,0.0604968213
7865,0.5432,0.4847152602,,0.0584847398
7866,0.4383,0.4973511244,,0.0590511244
7867,0.5432,0.4846859242,,0.0585140758
7868,0.5802,0.4845734777,,0.0956265223
7869,0.4383,0.5130535355,,0.0747535355
7870,0.5494,0.4860695177,,0.0633304823
7871,0.4321,0.4969329539,,0.0648329539
7872,0.4691,0.4849061839,,0.0158061839
7873,0.4691,0.4852169146,,0.0161169146
7874,0.4136,0.4845180562,,0.0709180562
7875,0.5494,0.5302607566,,0.0191392434
7876,0.4877,0.4849235238,,0.0027764762
7877,0.4877,0.4867439518,,0.0009560482
7878,0.4877,0.4846559748,,0.0030440252
7879,0.5432,0.5405064999,,0.0026935001
7880,0.3951,0.4858427357,,0.0907427357
7881,0.3951,0.486827561,,0.091727561
7882,0.3951,0.485516326,,0.090416326
7883,0.4753,0.4936243112,,0.0183243112
7884,0.3951,0.4879504983,,0.0928504983
7885,0.5556,0.4925222166,,0.0630777834
7886,0.4753,0.5090289474,,0.0337289474
7887,0.5062,0.4878175107,,0.0183824893
7888,0.5802,0.5040444204,,0.0761555796
7889,0.5185,0.4859461679,,0.0325538321
7890,0.5556,0.5219498114,,0.0336501886
7891,0.5556,0.5084112974,,0.0471887026
7892,0.5556,0.5097276097,,0.0458723903
7893,0.5432,0.4974118428,,0.0457881572
7894,0.4136,0.4920689489,,0.0784689489
7895,0.3951,0.5040803244,,0.1089803244
7896,0.5247,0.4856260414,,0.0390739586
7897,0.5494,0.4984109372,,0.0509890628
7898,0.4321,0.5080170675,,0.0759170675
7899,0.5247,0.4984269998,,0.0262730002
7900,0.6049,0.4941030035,,0.1107969965
7901,0.5247,0.495160214,,0.029539786
7902,0.6049,0.4915594327,,0.1133405673
7903,0.4753,0.4846767588,,0.0093767588
7904,0.4753,0.4846376016,,0.0093376016
7905,0.4321,0.494390932,,0.062290932
7906,0.4321,0.4944030273,,0.0623030273
7907,0.4321,0.4916688229,,0.0595688229
7908,0.5432,0.4903491548,,0.0528508452
7909,0.4506,0.5071281504,,0.0565281504
7910,0.4506,0.4852166514,,0.0346166514
7911,0.5556,0.4802055565,,0.0753944435
7912,0.4506,0.4852520553,,0.0346520553
7913,0.5185,0.4988783846,,0.0196216154
7914,0.4691,0.4888501542,,0.0197501542
7915,0.4383,0.4860259511,,0.0477259511
7916,0.5556,0.4852659126,,0.0703340874
7917,0.4383,0.4853069059,,0.0470069059
7918,0.5556,0.484898455,,0.070701545
7919,0.5123,0.504320004,,0.007979996
7920,0.5432,0.4908722553,,0.0523277447
7921,0.5185,0.4962442794,,0.0222557206
7922,0.4321,0.4989321276,,0.0668321276
7923,0.4321,0.4919795484,,0.0598795484
7924,0.5185,0.548871315,,0.030371315
7925,0.4321,0.5291511531,,0.0970511531
7926,0.5432,0.5353589061,,0.0078410939
7927,0.4321,0.5488306835,,0.1167306835
7928,0.3951,0.489843141,,0.094743141
7929,0.5432,0.4996561702,,0.0435438298
7930,0.5123,0.4865713773,,0.0257286227
7931,0.5556,0.494798544,,0.060801456
7932,0.4136,0.4997615522,,0.0861615522
7933,0.5432,0.5073562216,,0.0358437784
7934,0.5432,0.5261038189,,0.0170961811
7935,0.3951,0.4872381057,,0.0921381057
7936,0.5185,0.4310505856,,0.0874494144
7937,0.3951,0.4890095662,,0.0939095662
7938,0.5185,0.4853480394,,0.0331519606
7939,0.3951,0.4921266654,,0.0970266654
7940,0.5185,0.4860082463,,0.0324917537
7941,0.3951,0.4900398973,,0.0949398973
7942,0.5185,0.485190694,,0.033309306
7943,0.3951,0.4895761166,,0.0944761166
7944,0.5185,0.4850991023,,0.0334008977
7945,0.4321,0.4851057924,,0.0530057924
7946,0.4321,0.5029778853,,0.0708778853
7947,0.5247,0.5194805276,,0.0052194724
7948,0.4753,0.4941260542,,0.0188260542
7949,0.5556,0.4975174931,,0.0580825069
7950,0.4753,0.4935660016,,0.0182660016
7951,0.5556,0.4968046024,,0.0587953976
7952,0.4074,0.5472085838,,0.1398085838
7953,0.537,0.5116734917,,0.0253265083
7954,0.5802,0.5353114936,,0.0448885064
7955,0.6049,0.5385744118,,0.0663255882
7956,0.6049,0.5299312059,,0.0749687941
7957,0.5432,0.4857730835,,0.0574269165
7958,0.5432,0.4980282456,,0.0451717544
7959,0.5432,0.4856578269,,0.0575421731
7960,0.5556,0.5106054229,,0.0449945771
7961,0.4506,0.5042588933,,0.0536588933
7962,0.3951,0.494314344,,0.099214344
7963,0.4753,0.5066065358,,0.0313065358
7964,0.4321,0.5098152888,,0.0777152888
7965,0.4753,0.4851200943,,0.0098200943
7966,0.537,0.517092073,,0.019907927
7967,0.4506,0.493125509,,0.042525509
7968,0.4877,0.4879999919,,0.0002999919
7969,0.4877,0.4858223716,,0.0018776284
7970,0.5432,0.4860637591,,0.0571362409
7971,0.5247,0.5359415327,,0.0112415327
7972,0.5247,0.4871399486,,0.0375600514
7973,0.4506,0.5185288146,,0.0679288146
7974,0.5062,0.487855338,,0.018344662
7975,0.537,0.4956216022,,0.0413783978
7976,0.5802,0.5154643356,,0.0647356644
7977,0.5247,0.4837854999,,0.0409145001
7978,0.5247,0.4856922656,,0.0390077344
7979,0.5185,0.4999447135,,0.0185552865
7980,0.4506,0.5042380442,,0.0536380442
7981,0.5926,0.517670097,,0.074929903
7982,0.4753,0.5092594929,,0.0339594929
7983,0.4753,0.496957702,,0.021657702
7984,0.5926,0.487380981,,0.105219019
7985,0.4383,0.486067723,,0.047767723
7986,0.5123,0.4871265069,,0.0251734931
7987,0.6049,0.4967083565,,0.1081916435
7988,0.5123,0.5042034896,,0.0080965104
7989,0.5556,0.4898520615,,0.0657479385
7990,0.4753,0.5482339449,,0.0729339449
7991,0.4877,0.4891712296,,0.0014712296
7992,0.5432,0.5316744603,,0.0115255397
7993,0.5123,0.4941898319,,0.0181101681
7994,0.3951,0.5016169393,,0.1065169393
7995,0.5556,0.4849080638,,0.0706919362
7996,0.5123,0.4845774786,,0.0277225214
7997,0.3951,0.4857890382,,0.0906890382
7998,0.5123,0.4846587184,,0.0276412816
7999,0.3951,0.4860700486,,0.0909700486
8000,0.5926,0.5426377693,,0.0499622307
8001,0.5926,0.546032567,,0.046567433
8002,0.4506,0.4858074358,,0.0352074358
8003,0.5123,0.5180337087,,0.0057337087
8004,0.5062,0.4891274205,,0.0170725795
8005,0.5062,0.4865439514,,0.0196560486
8006,0.5062,0.4968345987,,0.0093654013
8007,0.4877,0.5079076346,,0.0202076346
8008,0.5185,0.484831995,,0.033668005
8009,0.6049,0.4893081133,,0.1155918867
8010,0.4753,0.5026583246,,0.0273583246
8011,0.4506,0.4920646599,,0.0414646599
8012,0.4136,0.4914620714,,0.0778620714
8013,0.4383,0.4856207071,,0.0473207071
8014,0.4753,0.4958844776,,0.0205844776
8015,0.4753,0.4901800028,,0.0148800028
8016,0.4506,0.5287454016,,0.0781454016
8017,0.4753,0.4906556264,,0.0153556264
8018,0.5926,0.4845527929,,0.1080472071
8019,0.5185,0.4900593939,,0.0284406061
8020,0.5185,0.5007606445,,0.0177393555
8021,0.4136,0.5209524528,,0.1073524528
8022,0.4136,0.5049448809,,0.0913448809
8023,0.4383,0.4845152464,,0.0462152464
8024,0.5802,0.5568016996,,0.0233983004
8025,0.5556,0.487865926,,0.067734074
8026,0.537,0.5053785502,,0.0316214498
8027,0.5432,0.4995072165,,0.0436927835
8028,0.5062,0.5088165295,,0.0026165295
8029,0.4136,0.5161373105,,0.1025373105
8030,0.4136,0.4961643003,,0.0825643003
8031,0.4136,0.5076717542,,0.0940717542
8032,0.4753,0.5195908511,,0.0442908511
8033,0.4753,0.5037214246,,0.0284214246
8034,0.4753,0.5003129975,,0.0250129975
8035,0.4753,0.4988902154,,0.0235902154
8036,0.4753,0.4962768299,,0.0209768299
8037,0.4753,0.5093755588,,0.0340755588
8038,0.5802,0.5029953024,,0.0772046976
8039,0.5432,0.4845237279,,0.0586762721
8040,0.5494,0.515129868,,0.034270132
8041,0.4691,0.4861527337,,0.0170527337
8042,0.5185,0.5149849748,,0.0035150252
8043,0.5123,0.4965660838,,0.0157339162
8044,0.5185,0.4997974955,,0.0187025045
8045,0.5123,0.4953704301,,0.0169295699
8046,0.5185,0.4969287215,,0.0215712785
8047,0.5062,0.4859282876,,0.0202717124
8048,0.5802,0.499762147,,0.080437853
8049,0.5802,0.4931353332,,0.0870646668
8050,0.5802,0.5036597277,,0.0765402723
8051,0.5802,0.4952816545,,0.0849183455
8052,0.4506,0.499349521,,0.048749521
8053,0.5802,0.4947704543,,0.0854295457
8054,0.5802,0.4997609304,,0.0804390696
8055,0.5802,0.5017984099,,0.0784015901
8056,0.537,0.4886543918,,0.0483456082
8057,0.5556,0.4877332838,,0.0678667162
8058,0.5556,0.496697844,,0.058902156
8059,0.5556,0.4875005416,,0.0680994584
8060,0.5185,0.5068811893,,0.0116188107
8061,0.5185,0.5047390475,,0.0137609525
8062,0.5432,0.5047822736,,0.0384177264
8063,0.4506,0.508472369,,0.057872369
8064,0.5556,0.5195075004,,0.0360924996
8065,0.4136,0.4866649109,,0.0730649109
8066,0.4136,0.4873413891,,0.0737413891
8067,0.4136,0.4887084365,,0.0751084365
8068,0.4136,0.4882255127,,0.0746255127
8069,0.4074,0.4880851024,,0.0806851024
8070,0.4074,0.5044102932,,0.0970102932
8071,0.4506,0.4876855421,,0.0370855421
8072,0.5556,0.5045527246,,0.0510472754
8073,0.4136,0.5124613006,,0.0988613006
8074,0.3951,0.4852455415,,0.0901455415
8075,0.4506,0.4976048809,,0.0470048809
8076,0.4383,0.485098911,,0.046798911
8077,0.4136,0.4939578907,,0.0803578907
8078,0.4753,0.4884971329,,0.0131971329
8079,0.6049,0.4861963361,,0.1187036639
8080,0.4136,0.5031071647,,0.0895071647
8081,0.3951,0.51407773,,0.11897773
8082,0.4136,0.4855627933,,0.0719627933
8083,0.4136,0.4884963421,,0.0748963421
8084,0.4136,0.4856128664,,0.0720128664
8085,0.6049,0.4986084186,,0.1062915814
8086,0.4506,0.4896937988,,0.0390937988
8087,0.4506,0.5113610193,,0.0607610193
8088,0.4506,0.4881727228,,0.0375727228
8089,0.4506,0.4914386385,,0.0408386385
8090,0.4506,0.493717402,,0.043117402
8091,0.4506,0.4848957454,,0.0342957454
8092,0.4506,0.4868766868,,0.0362766868
8093,0.4506,0.5072808963,,0.0566808963
8094,0.4877,0.4993080632,,0.0116080632
8095,0.4506,0.5014444659,,0.0508444659
8096,0.4877,0.5044505907,,0.0167505907
8097,0.4074,0.5032785258,,0.0958785258
8098,0.4074,0.4951008733,,0.0877008733
8099,0.4074,0.5087163046,,0.1013163046
8100,0.5185,0.4866710473,,0.0318289527
8101,0.5185,0.4848783433,,0.0336216567
8102,0.5185,0.4867727834,,0.0317272166
8103,0.5185,0.4848156457,,0.0336843543
8104,0.5556,0.4988794076,,0.0567205924
8105,0.5802,0.4865127511,,0.0936872489
8106,0.5247,0.5048236311,,0.0198763689
8107,0.5185,0.4928160431,,0.0256839569
8108,0.5432,0.5001497201,,0.0430502799
8109,0.6049,0.4767593084,,0.1281406916
8110,0.5247,0.4930306029,,0.0316693971
8111,0.4506,0.4970955442,,0.0464955442
8112,0.4753,0.4909942187,,0.0156942187
8113,0.4506,0.4871602959,,0.0365602959
8114,0.5432,0.4947587529,,0.0484412471
8115,0.4506,0.4883316577,,0.0377316577
8116,0.5432,0.4985020983,,0.0446979017
8117,0.5123,0.4978236503,,0.0144763497
8118,0.5556,0.4955526263,,0.0600473737
8119,0.4506,0.484494266,,0.033894266
8120,0.4506,0.4863260009,,0.0357260009
8121,0.5432,0.5120857242,,0.0311142758
8122,0.5432,0.5066936917,,0.0365063083
8123,0.5432,0.4975064294,,0.0456935706
8124,0.5432,0.4869664961,,0.0562335039
8125,0.5432,0.4845364186,,0.0586635814
8126,0.5432,0.5070781907,,0.0361218093
8127,0.5247,0.4958482974,,0.0288517026
8128,0.5247,0.487298421,,0.037401579
8129,0.5247,0.4954926955,,0.0292073045
8130,0.4321,0.5108652827,,0.0787652827
8131,0.4321,0.5044532734,,0.0723532734
8132,0.4321,0.4844996983,,0.0523996983
8133,0.4877,0.4880502185,,0.0003502185
8134,0.6049,0.4941218387,,0.1107781613
8135,0.4691,0.4888943515,,0.0197943515
8136,0.4691,0.4879139472,,0.0188139472
8137,0.4691,0.4981799503,,0.0290799503
8138,0.4691,0.4893090404,,0.0202090404
8139,0.5123,0.5009217722,,0.0113782278
8140,0.4136,0.4855113823,,0.0719113823
8141,0.4136,0.4866491422,,0.0730491422
8142,0.4136,0.4850490986,,0.0714490986
8143,0.4877,0.4874981333,,0.0002018667
8144,0.4877,0.4997414728,,0.0120414728
8145,0.4136,0.4904274193,,0.0768274193
8146,0.5926,0.4902893887,,0.1023106113
8147,0.4136,0.5082496526,,0.0946496526
8148,0.5926,0.5026219635,,0.0899780365
8149,0.537,0.5210380692,,0.0159619308
8150,0.5432,0.5124613006,,0.0307386994
8151,0.4074,0.5009953279,,0.0935953279
8152,0.4877,0.4864807772,,0.0012192228
8153,0.4321,0.4849466628,,0.0528466628
8154,0.4877,0.4867134719,,0.0009865281
8155,0.4321,0.4850022552,,0.0529022552
8156,0.5062,0.4938707581,,0.0123292419
8157,0.4136,0.4924167809,,0.0788167809
8158,0.5556,0.4994276106,,0.0561723894
8159,0.4506,0.4883810729,,0.0377810729
8160,0.5926,0.4872322634,,0.1053677366
8161,0.4506,0.4878904089,,0.0372904089
8162,0.5926,0.4855945924,,0.1070054076
8163,0.4506,0.5099816435,,0.0593816435
8164,0.4877,0.4904046879,,0.0027046879
8165,0.5926,0.4897880399,,0.1028119601
8166,0.5926,0.4877059863,,0.1048940137
8167,0.3951,0.4953370678,,0.1002370678
8168,0.4691,0.485438897,,0.016338897
8169,0.4691,0.4860839828,,0.0169839828
8170,0.4691,0.4962794106,,0.0271794106
8171,0.5432,0.4891461504,,0.0540538496
8172,0.5556,0.484548073,,0.071051927
8173,0.5432,0.4858957968,,0.0573042032
8174,0.537,0.510494027,,0.026505973
8175,0.5062,0.4948908184,,0.0113091816
8176,0.5247,0.4878932487,,0.0368067513
8177,0.5247,0.4897846656,,0.0349153344
8178,0.5247,0.486083987,,0.038616013
8179,0.4506,0.4873242155,,0.0367242155
8180,0.4506,0.486972623,,0.036372623
8181,0.4506,0.4885676221,,0.0379676221
8182,0.5247,0.5127379654,,0.0119620346
8183,0.5494,0.5032907286,,0.0461092714
8184,0.6049,0.4949158174,,0.1099841826
8185,0.4877,0.4924751174,,0.0047751174
8186,0.6049,0.4915781551,,0.1133218449
8187,0.5247,0.4893531784,,0.0353468216
8188,0.6049,0.4904377805,,0.1144622195
8189,0.5247,0.488545157,,0.036154843
8190,0.5556,0.5009291131,,0.0546708869
8191,0.5123,0.4854583781,,0.0268416219
8192,0.4506,0.5006578967,,0.0500578967
8193,0.5123,0.4856976947,,0.0266023053
8194,0.4506,0.5014872941,,0.0508872941
8195,0.4877,0.4868583167,,0.0008416833
8196,0.4877,0.4994817196,,0.0117817196
8197,0.4691,0.4848371603,,0.0157371603
8198,0.4321,0.4980598814,,0.0659598814
8199,0.4321,0.5070964047,,0.0749964047
8200,0.4383,0.4845587487,,0.0462587487
8201,0.4506,0.4898077201,,0.0392077201
8202,0.4383,0.484544629,,0.046244629
8203,0.4506,0.4888961398,,0.0382961398
8204,0.5185,0.5473975704,,0.0288975704
8205,0.5185,0.547611769,,0.029111769
8206,0.6049,0.4936943584,,0.1112056416
8207,0.4753,0.4927749287,,0.0174749287
8208,0.537,0.5000951614,,0.0369048386
8209,0.5556,0.4946240026,,0.0609759974
8210,0.6049,0.5110882896,,0.0938117104
8211,0.4753,0.4963783672,,0.0210783672
8212,0.5062,0.5067420059,,0.0005420059
8213,0.537,0.4932569618,,0.0437430382
8214,0.4136,0.4863492273,,0.0727492273
8215,0.5556,0.4979786468,,0.0576213532
8216,0.4753,0.497995255,,0.022695255
8217,0.5556,0.4942947997,,0.0613052003
8218,0.4753,0.4943077454,,0.0190077454
8219,0.5432,0.4938569752,,0.0493430248
8220,0.5432,0.4993395665,,0.0438604335
8221,0.4506,0.4986720315,,0.0480720315
8222,0.4136,0.4845132013,,0.0709132013
8223,0.5432,0.5135797962,,0.0296202038
8224,0.5432,0.4951900348,,0.0480099652
8225,0.4753,0.4874413262,,0.0121413262
8226,0.4753,0.4962521369,,0.0209521369
8227,0.4753,0.4875373926,,0.0122373926
8228,0.5185,0.4859978192,,0.0325021808
8229,0.4753,0.4886995518,,0.0133995518
8230,0.5185,0.4878822591,,0.0306177409
8231,0.4753,0.489134074,,0.013834074
8232,0.5185,0.4869959294,,0.0315040706
8233,0.4753,0.4912851513,,0.0159851513
8234,0.5185,0.4863080113,,0.0321919887
8235,0.4753,0.4895185462,,0.0142185462
8236,0.5185,0.4872342805,,0.0312657195
8237,0.4753,0.488951437,,0.013651437
8238,0.5185,0.4888917112,,0.0296082888
8239,0.4753,0.493303488,,0.018003488
8240,0.5185,0.4972156352,,0.0212843648
8241,0.4753,0.4911213953,,0.0158213953
8242,0.4506,0.4870126177,,0.0364126177
8243,0.4753,0.4947973607,,0.0194973607
8244,0.5185,0.4849858709,,0.0335141291
8245,0.4136,0.4953203942,,0.0817203942
8246,0.5556,0.493455401,,0.062144599
8247,0.4136,0.5060595754,,0.0924595754
8248,0.5556,0.4898413241,,0.0657586759
8249,0.5926,0.5057084756,,0.0868915244
8250,0.4136,0.487885089,,0.074285089
8251,0.5432,0.4896758079,,0.0535241921
8252,0.4136,0.4863302264,,0.0727302264
8253,0.5432,0.4873409201,,0.0558590799
8254,0.4691,0.4858239056,,0.0167239056
8255,0.4691,0.4870002182,,0.0179002182
8256,0.5926,0.4852353013,,0.1073646987
8257,0.5926,0.5122608574,,0.0803391426
8258,0.4753,0.4845086064,,0.0092086064
8259,0.4753,0.4846729859,,0.0093729859
8260,0.4753,0.4845915399,,0.0092915399
8261,0.4321,0.4893658764,,0.0572658764
8262,0.3951,0.4848269361,,0.0897269361
8263,0.5926,0.4924876375,,0.1001123625
8264,0.4753,0.5151155485,,0.0398155485
8265,0.4321,0.4917815412,,0.0596815412
8266,0.4753,0.495252061,,0.019952061
8267,0.5432,0.4848523626,,0.0583476374
8268,0.6049,0.4461790018,,0.1587209982
8269,0.6049,0.4856250343,,0.1192749657
8270,0.5926,0.4965211321,,0.0960788679
8271,0.3951,0.5043037214,,0.1092037214
8272,0.5926,0.5101175565,,0.0824824435
8273,0.5432,0.4964429017,,0.0467570983
8274,0.4506,0.4900852814,,0.0394852814
8275,0.5432,0.4960025992,,0.0471974008
8276,0.4506,0.4901416131,,0.0395416131
8277,0.5926,0.4849896966,,0.1076103034
8278,0.4753,0.4823058561,,0.0070058561
8279,0.6049,0.5017810809,,0.1031189191
8280,0.4753,0.4986061238,,0.0233061238
8281,0.6049,0.4949190765,,0.1099809235
8282,0.5432,0.489685535,,0.053514465
8283,0.5123,0.5250880466,,0.0127880466
8284,0.4506,0.5058937675,,0.0552937675
8285,0.4074,0.5057991606,,0.0983991606
8286,0.4753,0.4849480877,,0.0096480877
8287,0.5556,0.5037012363,,0.0518987637
8288,0.5556,0.4958150027,,0.0597849973
8289,0.537,0.4852413902,,0.0517586098
8290,0.4506,0.502976478,,0.052376478
8291,0.5432,0.5319891402,,0.0112108598
8292,0.5185,0.4956055768,,0.0228944232
8293,0.4321,0.4989056565,,0.0668056565
8294,0.4321,0.5051821451,,0.0730821451
8295,0.4506,0.4903992335,,0.0397992335
8296,0.5247,0.4852353605,,0.0394646395
8297,0.5247,0.4867727857,,0.0379272143
8298,0.4506,0.4863213929,,0.0357213929
8299,0.5432,0.4882297023,,0.0549702977
8300,0.5185,0.4884786158,,0.0300213842
8301,0.5556,0.4857431294,,0.0698568706
8302,0.537,0.4852660301,,0.0517339699
8303,0.4506,0.4846070149,,0.0340070149
8304,0.5926,0.4903877879,,0.1022122121
8305,0.4383,0.4958989006,,0.0575989006
8306,0.4877,0.4846862451,,0.0030137549
8307,0.4877,0.484977726,,0.002722274
8308,0.5185,0.4993371565,,0.0191628435
8309,0.4877,0.4865721311,,0.0011278689
8310,0.4136,0.4944716581,,0.0808716581
8311,0.4136,0.4969521825,,0.0833521825
8312,0.4877,0.4987344647,,0.0110344647
8313,0.4877,0.4973436016,,0.0096436016
8314,0.3951,0.5004207816,,0.1053207816
8315,0.6049,0.495853446,,0.109046554
8316,0.3951,0.5115105071,,0.1164105071
8317,0.6049,0.5084308323,,0.0964691677
8318,0.4753,0.5088189367,,0.0335189367
8319,0.4321,0.5025775965,,0.0704775965
8320,0.5123,0.4865128052,,0.0257871948
8321,0.4877,0.5020146879,,0.0143146879
8322,0.4321,0.5075403645,,0.0754403645
8323,0.4506,0.5107706767,,0.0601706767
8324,0.5185,0.5083482393,,0.0101517607
8325,0.5926,0.5016220574,,0.0909779426
8326,0.5185,0.515740332,,0.002759668
8327,0.5926,0.5018411992,,0.0907588008
8328,0.5062,0.5023769941,,0.0038230059
8329,0.5926,0.5055363087,,0.0870636913
8330,0.4136,0.5079176803,,0.0943176803
8331,0.5123,0.497147509,,0.015152491
8332,0.5123,0.4997239254,,0.0125760746
8333,0.5123,0.4930922551,,0.0192077449
8334,0.5123,0.5046724243,,0.0076275757
8335,0.5123,0.5109495163,,0.0013504837
8336,0.5247,0.496008245,,0.028691755
8337,0.4321,0.5041626648,,0.0720626648
8338,0.4753,0.4994436211,,0.0241436211
8339,0.4877,0.499768698,,0.012068698
8340,0.4877,0.4887047155,,0.0010047155
8341,0.5926,0.4852780045,,0.1073219955
8342,0.5802,0.4922114816,,0.0879885184
8343,0.4321,0.4881568962,,0.0560568962
8344,0.6049,0.5456944536,,0.0592055464
8345,0.3951,0.4907991326,,0.0956991326
8346,0.3951,0.49086142,,0.09576142
8347,0.5556,0.5104841916,,0.0451158084
8348,0.4074,0.5459134792,,0.1385134792
8349,0.4753,0.4886144526,,0.0133144526
8350,0.4506,0.4846355389,,0.0340355389
8351,0.4753,0.488741699,,0.013441699
8352,0.4506,0.4846405929,,0.0340405929
8353,0.5802,0.5124566187,,0.0677433813
8354,0.5802,0.5088516113,,0.0713483887
8355,0.5802,0.5174388205,,0.0627611795
8356,0.5802,0.5065713594,,0.0736286406
8357,0.4383,0.5059784849,,0.0676784849
8358,0.4877,0.4860140282,,0.0016859718
8359,0.5432,0.4848875666,,0.0583124334
8360,0.4877,0.4870946692,,0.0006053308
8361,0.5432,0.4846917586,,0.0585082414
8362,0.4877,0.4883211,,0.0006211
8363,0.4877,0.5116265809,,0.0239265809
8364,0.5802,0.4863649631,,0.0938350369
8365,0.4506,0.5246034153,,0.0740034153
8366,0.4506,0.5270472147,,0.0764472147
8367,0.4506,0.4847420582,,0.0341420582
8368,0.4506,0.4849178783,,0.0343178783
8369,0.4506,0.4848585935,,0.0342585935
8370,0.4506,0.4864406846,,0.0358406846
8371,0.4506,0.5023713468,,0.0517713468
8372,0.4506,0.5111020379,,0.0605020379
8373,0.4753,0.4857529821,,0.0104529821
8374,0.4753,0.4877461871,,0.0124461871
8375,0.4321,0.5046838098,,0.0725838098
8376,0.5494,0.484601147,,0.064798853
8377,0.5123,0.4854950709,,0.0268049291
8378,0.5494,0.4863423906,,0.0630576094
8379,0.5123,0.4871076335,,0.0251923665
8380,0.5494,0.4845610961,,0.0648389039
8381,0.5123,0.4851581692,,0.0271418308
8382,0.5494,0.4845850924,,0.0648149076
8383,0.5123,0.485360395,,0.026939605
8384,0.4877,0.4859590339,,0.0017409661
8385,0.5802,0.4905172474,,0.0896827526
8386,0.5802,0.491766286,,0.088433714
8387,0.5494,0.4994733476,,0.0499266524
8388,0.4321,0.4872252015,,0.0551252015
8389,0.4877,0.5069688198,,0.0192688198
8390,0.4383,0.4872986331,,0.0489986331
8391,0.4506,0.4928865464,,0.0422865464
8392,0.4753,0.4958969243,,0.0205969243
8393,0.5494,0.5036799462,,0.0457200538
8394,0.4506,0.5065892961,,0.0559892961
8395,0.4321,0.5008026207,,0.0687026207
8396,0.4506,0.4970615953,,0.0464615953
8397,0.4321,0.4961844751,,0.0640844751
8398,0.5556,0.4949078981,,0.0606921019
8399,0.5556,0.4964630082,,0.0591369918
8400,0.4506,0.5037860234,,0.0531860234
8401,0.4506,0.4969327818,,0.0463327818
8402,0.4383,0.4852549436,,0.0469549436
8403,0.4506,0.4959581591,,0.0453581591
8404,0.4321,0.485817221,,0.053717221
8405,0.4691,0.4919284064,,0.0228284064
8406,0.4753,0.5027133464,,0.0274133464
8407,0.4506,0.5152561911,,0.0646561911
8408,0.5432,0.4850024475,,0.0581975525
8409,0.5432,0.4861286897,,0.0570713103
8410,0.5432,0.4828301167,,0.0603698833
8411,0.5432,0.4853761257,,0.0578238743
8412,0.5432,0.485640295,,0.057559705
8413,0.4691,0.491703091,,0.022603091
8414,0.5556,0.485544969,,0.070055031
8415,0.4506,0.4845926261,,0.0339926261
8416,0.5123,0.5069880758,,0.0053119242
8417,0.5556,0.4851642462,,0.0704357538
8418,0.4877,0.5069579743,,0.0192579743
8419,0.5926,0.4844824666,,0.1081175334
8420,0.5432,0.5268262168,,0.0163737832
8421,0.537,0.4976538032,,0.0393461968
8422,0.6049,0.5104841916,,0.0944158084
8423,0.5926,0.4995730383,,0.0930269617
8424,0.5247,0.4864573863,,0.0382426137
8425,0.5926,0.4953907969,,0.0972092031
8426,0.5247,0.4860164831,,0.0386835169
8427,0.5926,0.4969036783,,0.0956963217
8428,0.5247,0.4864185493,,0.0382814507
8429,0.5926,0.4965950669,,0.0960049331
8430,0.5247,0.4864142919,,0.0382857081
8431,0.5926,0.4920697952,,0.1005302048
8432,0.5247,0.4845657465,,0.0401342535
8433,0.5926,0.5062556695,,0.0863443305
8434,0.5247,0.4865611173,,0.0381388827
8435,0.5062,0.4988670449,,0.0073329551
8436,0.5185,0.5006658843,,0.0178341157
8437,0.4506,0.4922823281,,0.0416823281
8438,0.4506,0.5037830047,,0.0531830047
8439,0.5432,0.5069853303,,0.0362146697
8440,0.6049,0.5003824601,,0.1045175399
8441,0.4506,0.4956684318,,0.0450684318
8442,0.5926,0.5057510394,,0.0868489606
8443,0.4383,0.4990229031,,0.0607229031
8444,0.5926,0.5250755435,,0.0675244565
8445,0.4383,0.5381023634,,0.0998023634
8446,0.5926,0.5298007127,,0.0627992873
8447,0.4383,0.539653282,,0.101353282
8448,0.5926,0.5224345576,,0.0701654424
8449,0.4383,0.5348959969,,0.0965959969
8450,0.5062,0.5007331946,,0.0054668054
8451,0.5926,0.5386065411,,0.0539934589
8452,0.4136,0.5124613006,,0.0988613006
8453,0.4074,0.5016775851,,0.0942775851
8454,0.4074,0.5039831858,,0.0965831858
8455,0.4877,0.4851196963,,0.0025803037
8456,0.5185,0.4868019188,,0.0316980812
8457,0.5185,0.486172946,,0.032327054
8458,0.5556,0.5195075004,,0.0360924996
8459,0.4506,0.4844863356,,0.0338863356
8460,0.5185,0.4940010442,,0.0244989558
8461,0.4753,0.4848693624,,0.0095693624
8462,0.5926,0.4878498996,,0.1047501004
8463,0.537,0.5035604738,,0.0334395262
8464,0.4506,0.4845492997,,0.0339492997
8465,0.4074,0.4855371399,,0.0781371399
8466,0.4321,0.5002599886,,0.0681599886
8467,0.4136,0.4968587009,,0.0832587009
8468,0.4506,0.4877357906,,0.0371357906
8469,0.4321,0.5012200634,,0.0691200634
8470,0.4136,0.4958829285,,0.0822829285
8471,0.4506,0.4777004005,,0.0271004005
8472,0.4321,0.4981364059,,0.0660364059
8473,0.4136,0.4950934791,,0.0814934791
8474,0.4506,0.4872040355,,0.0366040355
8475,0.4321,0.4938250669,,0.0617250669
8476,0.5494,0.51402653,,0.03537347
8477,0.4321,0.5019914209,,0.0698914209
8478,0.5494,0.509759514,,0.039640486
8479,0.4383,0.4997422888,,0.0614422888
8480,0.3951,0.4845352045,,0.0894352045
8481,0.5802,0.5004029487,,0.0797970513
8482,0.6049,0.5041248597,,0.1007751403
8483,0.4136,0.4915905663,,0.0779905663
8484,0.4136,0.4863103932,,0.0727103932
8485,0.4136,0.4880320891,,0.0744320891
8486,0.5432,0.5029040834,,0.0402959166
8487,0.5802,0.5038693105,,0.0763306895
8488,0.4753,0.4849029255,,0.0096029255
8489,0.5556,0.4899034817,,0.0656965183
8490,0.4877,0.4853017977,,0.0023982023
8491,0.5247,0.5093756399,,0.0153243601
8492,0.4506,0.5092654454,,0.0586654454
8493,0.5062,0.4973861635,,0.0088138365
8494,0.4383,0.4919657697,,0.0536657697
8495,0.5432,0.4847051544,,0.0584948456
8496,0.5556,0.4864151162,,0.0691848838
8497,0.5556,0.504567522,,0.051032478
8498,0.5556,0.5109483866,,0.0446516134
8499,0.5556,0.5000335084,,0.0555664916
8500,0.4877,0.488556576,,0.000856576
,,,,0.0503846011
,,0.5195075004,,
